524544,1,19.31681382,16.75084186,21.55337379
452736,4,19.9995392,17.19610027,25.48869551
483151-1,1,14.69050823,15.82054045,15.56653719
451333-2-AIS,2,14.24402824,15.14058692,16.45024313
486246,3,17.098752,19.4701824,11.6886
481274,4,32.96346353,35.26836706,31.51685039
574708,4,30.40048729,29.70751657,35.85237478
471164,3,20.85245747,18.32487731,17.62214269
465305,4,26.71117671,25.99431104,25.8909585
515316,2,16.83433123,17.75194417,17.27867868
480214,3,16.70695161,16.94614002,19.55574869
606213,4,36.11428395,29.17833716,38.67491166
534091,4,56.08603636,47.46244364,43.11944806
612850,4,17.74436452,20.01402991,18.23678704
612999,4,23.33840744,24.42342954,20.26368663
507166,4,30.50445501,34.05821195,22.86308805
600144,3,23.25045848,18.62589352,21.80781623
614040-3-MIA,3,16.55202833,18.91658702,16.32132693
478521,3,25.57466713,20.19051965,26.46318222
494024,2,12.39740544,14.95769856,13.95782659
496360,4,42.32128917,36.71084011,38.64256847
617940,4,43.69258543,35.3843348,34.31699766
603676,4,32.58789647,45.06232471,45.80680119
586167,3,19.0227329,20.91700192,22.35109466
574516,3,15.78629771,17.78110446,14.00988108
569363-2-MIA,3,23.9551565,30.60666117,34.26719636
493497,3,21.59549801,31.02754614,25.74309194
597516-1,4,29.50058667,27.39990756,32.75012888
529110,4,44.00196267,44.54540326,45.51779065
621332,4,17.75812873,24.76777779,27.4848007
451516,4,24.56828928,30.33388032,24.74871
489809,2,20.28504723,17.53168096,20.51403764
574870-1-AIS,2,12.9728007,12.83188211,16.8780815
620048-2-AIS,2,15.83010278,15.01832678,17.7478105
534910-1,1,32.9504,27.23062272,16.94274454
597144-2,2,28.51404387,30.86055226,32.88356017
515503,4,26.07671808,36.5159424,26.55253696
459177,4,31.38279849,23.23191306,26.59759617
574168,2,19.34262664,21.13539614,19.01224732
606320-2,2,22.09539248,23.4960435,18.29395098
452272,4,23.31844608,19.28260608,24.29553
500079,3,22.26785948,23.63790077,25.94408757
536335,4,32.74256812,34.73762579,42.68385565
549693-1,1,34.89649116,34.09578667,35.2558537
556722,2,12.866112,18.93079138,16.47880105
455637,3,18.98911274,23.47798961,19.46987929
529625,2,26.24490466,25.42885948,24.39581457
564833-2,2,27.22510336,19.86141696,19.76500533
465983,4,23.49163492,16.62829472,18.19273274
603889,4,53.36768907,47.46901394,50.33852217
550515,4,37.25042526,32.91971368,47.04397962
492799-1,3,14.4028416,15.9213824,12.7511861
467560,4,35.33333558,34.11411537,35.22358575
557316,4,41.30252079,56.24356056,48.9719135
567603-2,2,11.93546152,9.969792,11.76237768
451050,4,33.9934446,29.85546862,35.00068964
616666,4,25.86255655,24.01519793,26.40696075
514884,3,20.27440128,23.00931584,17.71883101
497402,1,19.5401439,15.5837707,16.43383209
548806,4,25.68103822,25.51810844,28.95129731
619701-2-MIA,3,17.6519612,16.62227483,16.04290251
468021,3,22.07344132,18.55952185,24.37668764
575734,3,34.433952,49.579152,40.04780162
588433-2,2,18.77987012,14.90401129,17.38095465
524617,1,14.40566812,20.23081148,14.00540577
534320,1,13.94543071,15.29417084,14.47036851
509412,4,29.98460698,23.11238825,29.79428043
605998,4,26.31177116,30.94725507,25.70185231
489081,2,13.10908032,13.91733504,18.51423504
565242,4,58.24764878,70.94484293,49.5048367
451466,4,31.07164264,35.16149604,28.68582976
523140,3,18.83232503,17.44725914,22.54452038
573866,3,12.14597976,11.29743935,10.95894299
591147,4,17.67702952,15.3740747,21.79134999
588413-2,2,9.9524864,11.3850624,17.16654064
510093,4,58.8639744,70.2496256,60.06675252
532206,3,20.81702107,23.45123371,29.1920536
557621,3,18.74286457,21.30317775,21.6080142
493808,3,23.36800306,23.59243214,27.10319816
593087,3,16.99454204,15.80889825,16.19487362
459868-1,1,29.95542744,32.75420562,37.9350923
548902,4,36.6025121,33.71299257,27.56495931
498207,4,43.9640212,53.2194853,33.3927091
453524,1,14.82507983,15.04064272,14.08713849
593937,4,36.07552,38.51668211,36.929356
541050,2,11.60756487,13.61377394,10.35468086
533974,3,33.13238425,27.93485095,31.91404346
468851,4,30.33743602,37.75001751,103.3515054
606231,3,17.27596138,11.44701793,11.32795765
582445,2,12.22514939,14.33313698,14.14925326
487823,3,25.05961368,22.40623304,28.91132849
579032,4,19.78341517,18.54558455,26.5274574
541511,1,18.02117381,18.87910808,20.18617803
530378-1,1,17.55914186,24.49319673,15.45912041
593335,4,17.19500551,21.02229996,26.92522046
521763,4,34.78362607,33.98658876,41.3410814
465623,4,31.31620703,45.26963827,30.53509873
575314,3,20.74466253,16.13950284,17.72212357
466736,3,21.05250271,23.13665652,21.05218068
478001,4,28.13232505,36.92492942,25.85810907
558606,4,26.09798942,30.22627146,31.17395637
580656,4,42.33047256,42.11543256,35.0087895
516367,2,12.80485004,12.21323869,13.82240896
535245,4,17.44732827,29.79022831,25.07689269
603688,4,23.18698818,25.54053003,27.57536912
532310,3,24.38571275,23.27198229,23.50891004
554649,4,41.432064,54.0724224,32.35974
449814,1,24.45189201,26.68322989,25.85913379
583143,2,19.16645628,15.56589133,20.2025177
482386,4,31.35609344,40.8106496,34.37520054
498982,4,25.72442439,25.42025443,26.2694619
456355,4,30.94680253,24.82124665,34.70895132
502415,3,33.0921984,28.96892928,31.90984354
486687-3,1,11.95420295,16.30119074,10.391493
548510,4,20.44167775,17.03474173,20.20609855
526205,2,13.08731756,13.1708912,15.23787427
595727,2,26.2864896,31.19904256,20.16081842
562292,1,12.71273788,12.34266353,17.78689527
594913,4,45.94002824,30.10902588,44.57816607
582121-1,1,21.52454024,25.19946541,20.03269066
473681-2,2,14.81656615,16.05462277,13.944504
596613-1,1,20.69300439,21.91023484,21.47785546
490622,4,23.80667759,26.3223911,26.77053082
612383,4,29.45524185,27.37922363,24.57359147
577109,4,10.91862785,11.61477763,12.40427525
567738-2,2,9.458610746,10.21354111,8.670316797
576238,2,25.75096113,21.02820428,27.24932279
509028,4,18.58042247,20.8292818,23.72729066
563097,4,29.75638215,31.19324033,28.79181791
552317,4,22.64324808,36.85016041,39.67400814
515018-1-MIA,3,12.16374083,14.80091906,10.93900924
529109,4,38.08220554,44.99160615,44.90111699
604336,4,34.86060499,42.88141828,35.70987727
569341-3-IA,4,18.67844482,21.3236264,22.00734622
549823,4,25.03337768,22.53379368,25.39461427
497383-2,2,14.48444928,14.42932736,12.07864684
587724,3,12.01056444,15.24194122,20.872741
537068,4,28.77719165,33.97756733,32.21373824
593439,4,48.15016473,46.59679095,50.25182368
548286,1,14.41053427,14.53753534,13.47516501
604580,2,25.56390275,28.89822907,26.68731808
540690,2,20.27820032,19.1308544,17.62838259
553951,4,25.28058157,29.66587826,29.68448648
492790,4,25.22145356,30.2367571,26.32964479
605779,3,17.94223373,24.03407307,20.17840783
602062,4,36.46329018,60.39235491,59.02727065
467926-2,2,10.74709148,11.72408765,10.83265723
467962,1,12.92488671,13.15776,12.80263674
605189,4,29.5203974,35.23342884,24.48301674
572161,4,22.19545459,31.87106652,20.05438458
587565,2,14.22207723,15.40723823,14.68245401
503375,4,23.60130477,22.95708077,25.65268102
503549,4,18.52371763,21.86575462,19.81536833
487456,4,23.30721792,29.91374848,23.56660274
457459,4,36.74697802,29.6735827,40.12397493
523802,4,44.08904348,49.66927304,49.22374161
588413-1,1,21.266048,21.7939968,27.66767751
592430,4,35.45646959,34.84506888,61.90967911
472022,3,16.48381952,18.42875597,16.52812234
599184,4,38.09362286,38.69677714,43.25924562
588000,4,36.08409212,32.23210667,25.44734094
567738-1,2,19.16629889,18.80998779,17.56050935
495843,2,23.95145807,19.9277568,22.48179801
562183-2,2,9.542189452,8.507021702,9.729400333
591541,3,28.13134218,32.72986238,29.94853774
450541,4,30.40032228,34.5550381,33.54721498
566516,4,22.56684606,20.17550352,17.88292778
614096,3,15.06341521,16.7552,12.074727
624256,4,24.20169309,16.14404655,21.23152975
545040,4,31.41882039,31.00985925,33.67981267
493241-1,1,32.91777803,29.70989611,31.96766516
525376,2,36.70627902,29.50594654,32.89592634
591093,3,20.94045964,28.2674085,33.41543088
566483,3,14.52423168,14.66203648,12.21121942
525025,3,10.28979109,11.38128431,16.08988234
583806,2,14.025216,14.45673984,11.52801155
568206,4,21.242496,26.27968985,25.2999088
574870-2-MIA,3,22.35660137,22.6476378,20.85135543
537420,4,32.73680271,45.39530847,36.67766039
584753,3,16.97104896,12.66714624,12.8961
565086,4,39.0526976,36.7134208,43.04332592
544927,1,13.98226824,14.79414965,18.44940827
509294,2,20.98936544,19.25429188,14.62073245
460302,4,21.95504383,21.2639063,23.60323741
605364,3,19.98802824,23.20769506,21.96555695
580741,4,24.51375279,26.48973146,21.90870794
593361,4,30.85505422,34.83993126,37.35144864
486341-1,3,30.9172224,29.80614144,19.672695
605227,2,14.91388084,18.2133352,14.29916064
532320,4,48.76243416,72.47240629,50.8986124
496285,4,33.0310656,37.90848,20.308491
530726,4,25.68783457,27.24992324,26.94190017
541787,3,32.4826988,36.5989012,24.65339008
570696-3-AAH,1,10.84284947,13.01143251,12.33797484
579699,3,20.86914844,19.49792711,22.80993514
542732,4,46.1515264,39.3591296,47.87495231
618707,3,31.13940341,25.87206251,26.39180506
475867,1,18.44850068,18.18826192,19.42886119
606320-1,1,34.96738804,36.76306949,45.44170756
476738,4,20.4288,23.16354498,20.4434135
512880,2,16.83710412,13.55482691,14.13464351
583364-2,2,19.75870368,26.52317371,18.63630749
543157,4,36.94866506,58.97374843,37.82784033
605163,4,28.43536859,18.30511974,25.99079676
483151-4,4,17.20888873,23.61037935,18.28436828
576653,4,45.53845559,36.60520024,26.206403
589025,4,40.85264231,48.38245072,51.45524596
597018-2,2,17.51878113,12.0737584,11.26439465
579220,4,34.10663424,32.1040384,27.03075862
561874,3,23.98184498,16.20482518,23.13009504
584675,4,25.50888369,28.42533415,24.52190237
475958,4,29.00193069,32.38701409,25.35963776
542928,4,34.88877115,33.59030557,35.69883381
588043,2,16.44548995,18.12064572,16.69483278
516493-1-MIA,3,13.17090216,16.4668816,15.70093521
456422,4,37.6685568,25.96704768,30.85303451
569263,1,21.49140202,18.15880019,19.95049209
599352,4,28.51609112,37.31910801,37.59338336
611026-1,1,14.07169536,12.72158208,10.82218265
485438,4,29.36854722,36.07995834,32.91060897
536445,3,18.31704747,20.71552,16.02836049
455850,4,28.01814702,27.97247275,28.80798559
603207,2,20.68501029,20.97882514,25.78053042
508415,4,30.31364166,28.51354054,24.68299956
453489,3,18.27269775,19.93063346,21.22252037
486225,4,22.33481275,29.46697275,30.5486667
574142-1-AAH,1,11.45530563,11.95335869,12.02152446
463110,4,25.0222898,25.07458651,49.4246711
501914,1,12.15837913,12.99066574,16.81974669
496291,2,18.53889164,18.02886982,13.78492498
480106,4,34.50404571,33.45846857,52.03829252
505325,4,50.04870621,52.51332414,43.72933742
592824,4,36.83079273,35.73848727,23.42728146
459682-2,3,14.23532704,14.94710944,15.79394458
595638,4,38.80922839,27.58755097,30.9999594
505453,2,25.0572011,23.27941959,22.12542416
580487,4,32.36409191,36.50361191,42.45135971
526547,3,21.09849175,21.85905427,23.21688731
459682-1,3,17.59906617,18.19190257,19.36736226
573450,4,22.48143907,26.66093155,24.85018665
574191-1-AAH,1,12.45078605,13.53167652,11.68854617
528365,1,16.14245959,14.1040961,12.79126694
503384,4,37.07728874,41.49837834,43.0369495
492799-2,3,28.97635328,31.582208,22.68126528
480943,3,26.66455426,25.70688242,22.02150598
568146,3,35.26188522,40.03450435,33.52171543
566105,4,37.05974254,35.19478904,49.18178649
493914,3,40.82044477,45.81206899,34.42706248
476374,2,16.55197393,17.36182519,18.27542805
624252-2-AIS,2,10.53863762,10.7223621,12.25748625
489054,4,25.08670653,25.26428968,27.77240973
597274,2,17.78781478,19.58077564,21.51331484
582786,4,23.63639259,22.01992117,25.92554789
528367,3,33.33025625,24.17716966,23.37076245
450761,4,19.12203587,26.96669507,28.81734014
596329,3,30.10263393,32.14224451,25.4162123
511138,4,48.15577635,51.61165079,41.93776866
533879,4,30.82928046,30.60567583,25.97801698
526155,2,14.37525807,14.50497896,9.738351
531990,2,17.25604836,15.74055262,18.33601994
484663,4,70.2090196,54.44024115,46.04079711
541156,4,33.13864986,38.93456321,27.07153814
582121-2,2,21.50671059,22.23573835,19.85581374
550595,4,22.83285345,21.8011302,22.19896068
477499,1,15.99244353,16.30125098,13.953575
624375,4,43.19017251,42.9868527,27.42410956
508656,4,45.9754926,39.91783956,40.05014763
598421,4,43.62400601,36.86494713,37.30524945
530800,2,28.20762112,27.27789568,23.79809251
576283,2,14.91653596,15.90226203,18.16799524
486687-2,1,15.18904589,12.81393179,11.322003
609995,4,24.66134952,26.20318014,21.93642381
624395,4,31.89664171,26.07075388,27.71619083
518735,4,18.877488,18.877488,21.28129888
588885,4,54.39626541,46.61592847,37.44787956
544246,4,35.06003082,28.210099,34.94609059
463314,4,21.19110353,16.68378548,25.24760007
601755,2,15.23112192,12.84807552,15.12273558
531509,4,24.89512107,21.19968853,25.80369002
521743-3-AIS,2,16.11098808,20.25746355,17.94418708
621485,2,16.69422913,15.01601684,18.58935626
574462,4,38.30463697,33.9398855,45.77440176
551807,4,35.32478872,44.05530438,40.78668874
594956,4,29.02080504,32.8593537,26.68515803
569363-1-MIA,3,21.57153694,24.3113502,21.87747227
618193-1-MIA,3,20.8868352,40.10409984,38.00079402
521743-2-AIS,2,13.11384634,13.0108474,14.85526094
463797,2,18.31663572,17.55048385,16.80810689
569341-1-MIA,3,9.476141139,8.799279718,10.49654695
517207,3,24.24267103,22.60934718,26.03912591
606003,4,43.20935564,59.27382109,40.94957116
584588-2,4,10.24783754,13.03727262,13.87338048
570953,4,42.34081011,34.82714274,35.39346885
614223,4,22.84985075,32.02862164,32.17773886
576596,4,51.44653341,43.2441542,37.68774278
617753,3,21.15368421,21.50329937,19.27650899
451333-1-MIA,3,22.37478551,26.96781854,28.59823129
522752-1-MIA,3,24.55609642,21.21896519,28.9472452
579539,4,46.05622624,48.19053248,36.19714684
624112,4,73.07450182,69.99759339,70.14052355
569852,4,30.35938324,27.18493032,28.90527593
574431,4,19.80866174,25.90246642,22.06500717
584474,4,35.87584,36.61212583,27.24182876
602329,4,25.82877762,23.47864108,21.4467635
580513,4,28.43127102,28.70171005,23.21371518
454988,2,15.37598578,16.08035556,17.35325738
575075,4,30.24995006,31.31029923,31.78354574
606655-1,1,34.6360571,29.840384,34.38570036
601196,4,38.03202065,41.94378323,44.28565842
470419,4,17.37423812,15.099392,17.38214688
608566,4,51.73581913,57.25907478,50.19801885
494168,4,29.89175467,41.02336,31.88606525
612748,4,32.45765685,33.70768242,22.12740881
452730,3,21.30358383,19.80097791,17.20770012
516733,4,40.04927015,40.52566646,49.32374055
514785,3,18.33046232,17.05770846,20.50743765
462530,4,42.15369143,45.80400762,41.68247312
505351,4,23.5925545,25.66069453,33.71521205
512389,4,14.31806285,13.53589344,15.26610378
580590,4,35.7618978,30.17853336,27.9763018
620054,3,34.33006901,26.77138565,21.60231418
588492,4,21.04353258,19.86721477,17.99705077
557276,4,31.1084928,36.7989888,35.56605506
569861,4,71.28923859,77.66011482,58.89844066
548933,4,49.9605504,62.625792,46.07829646
508968,3,22.61387762,18.54852382,16.38928419
465680,3,12.86211509,14.50018089,13.58853303
481885,3,20.03349369,30.22941091,26.43183119
537698-1,1,24.38039374,25.42093802,28.10878982
528995,4,18.24678853,33.55297831,38.72392471
571607,4,43.48546169,51.89480136,47.4465726
524256,3,32.00267395,34.57358243,42.61251465
570696-2-AIS,2,17.03379846,17.53552558,17.72570089
608639,4,24.00668974,24.56588617,22.15110943
545031,4,31.30106553,42.33346723,34.51289814
575963,4,27.62117347,22.29944385,27.59148174
550752-1,1,24.42337295,26.07501889,18.84826303
558334,4,46.7188736,56.2361856,37.63576408
456373,4,48.48210844,44.64190472,41.29428003
551846,4,24.188416,28.89227327,23.80557486
502035,4,39.6888576,29.73239808,22.04559556
548994,4,40.42200615,40.06360615,48.26525832
452488,4,36.12257322,30.21756298,33.1220664
539481,4,28.6161792,37.8169344,23.856
610629,4,18.32630965,27.14221176,29.41352707
625308,4,44.66267621,48.02720337,50.22971391
507741,4,41.19863527,37.10166896,35.59863119
582121-3,3,18.55966871,15.45993035,21.83724919
508989-3-AIS,2,27.98875366,25.60514648,29.56304446
556128,3,24.03530444,24.58923033,21.86208876
530378-2,2,26.49639003,24.20446894,28.93521541
511239,4,56.6393856,47.0231552,45.76859721
582225,2,17.62962432,20.61007872,14.97966878
586239,4,29.20376841,31.34754712,37.56758269
510991,4,45.86176,45.29399467,49.10048437
553559-2-AIS,2,11.40475045,12.16505559,9.864427978
611208-1-IA,4,14.01903251,12.05006215,14.44024818
455843,3,28.3495846,26.0353328,34.61655092
550041,4,16.77994246,18.54351153,26.64490535
499419,4,47.48438822,32.73358884,32.43954
576056,3,17.30633029,19.07032509,23.38090227
521743-1-MIA,3,18.16989464,21.39036498,19.17800556
508989-1-MIA,3,29.31952993,48.45073655,29.42093694
478012,2,19.92025706,20.71051425,14.287833
595101-1,1,34.41521311,27.77934898,39.10971798
465282,3,26.77353931,22.43873545,33.565478
574906-2-AIS,2,25.19838091,28.32781025,18.81072197
468556,4,29.4746647,30.71951367,28.92738555
465583,4,26.75584,28.41807644,32.98832473
571767,2,13.21547771,14.73839855,20.37485296
585032,4,25.95529216,21.36515584,18.48608059
463735,3,19.39285058,18.97375381,21.55206396
517141,3,24.28731733,29.37827556,31.50883737
582871-1,3,27.87960284,27.44706957,19.0689488
622549,2,20.81507556,16.73069606,19.08049911
538820,4,35.98700838,38.67790563,39.35841364
574301-2-IA,4,33.71994839,39.52545032,41.75417187
570667,2,13.41391872,13.88802048,12.71230831
479564,4,32.70764562,31.27445639,33.23762038
476378,2,42.34593955,48.61943768,34.59959663
589683,2,12.87023616,15.5140608,17.662102
613501-1-IA,4,27.20807003,25.20748321,34.85279222
495362,4,28.38551017,22.14070253,23.82682388
582457,1,11.13722651,12.53517373,12.88354533
484644,4,33.1314816,27.662208,34.12860484
551075,4,40.6264793,47.52194815,39.28251497
606285,4,17.03210173,18.80881314,17.30444823
460064-2,2,12.77126836,14.52564655,13.51515431
588433-1,1,18.21217506,26.50605176,23.24250798
486341-2,3,24.6979584,29.0677248,21.03465
614040-2-IA,4,22.52253167,27.1348459,26.65425722
581591,3,22.08941952,18.84841728,22.95271007
518512,2,26.34181085,21.6086037,22.42660663
531843,2,29.718528,26.07218688,20.26563
601162-2,1,14.71623895,14.97857436,14.80574729
487049,4,39.79072413,35.406336,31.31036587
575189,4,61.18751734,74.13995435,59.66985944
583474,3,30.46306909,26.93532393,29.79482042
610812-1,2,17.20828179,13.73613469,12.146253
559154,3,19.02237957,18.29147234,19.85703942
536617,2,23.50517239,20.85158513,24.33873665
594308,4,31.70551863,21.36443431,30.17857373
499706,4,25.88017659,42.88471791,55.03494027
570157,3,25.21192008,33.91327162,27.20658555
457321,4,31.8670464,49.4597376,29.28202596
618245,3,18.33641658,29.24157039,34.14104884
528441,3,22.03987968,22.29914624,16.55326133
538700,2,15.1979817,13.00953388,14.05166496
563088-2,2,41.5591982,35.38495281,34.50120248
590972,3,14.72353075,15.5251712,14.48247314
488691,1,11.2026624,14.33167872,11.931171
457396,3,22.41490944,23.47674112,18.31210983
573111-1,1,15.26436331,20.28396992,15.44421067
548507,3,13.60325973,13.26574933,10.204404
597080,3,29.74922226,35.08996291,22.07568594
540168,4,20.58397528,22.40103579,20.27808638
452915,4,25.87228335,23.60900267,23.6067775
610650,2,14.11117811,14.11117811,11.83938
451661,4,38.18106467,39.42141787,33.35791828
459779,3,43.31820138,38.11985655,42.06413416
528350,4,36.2201088,41.0274816,43.66663851
474275,3,24.82445451,23.10462047,24.09500982
549981,4,34.599936,38.57559552,37.65158489
504572,2,14.72861011,15.59973242,20.41164405
584607,3,31.1244206,38.35245884,50.64781677
582920,2,12.86218557,11.44945073,14.61290224
604768,2,14.32244192,15.35602307,15.13812601
468997,2,18.69258848,15.8827535,19.36442653
462556,4,30.01061955,25.48133288,31.65034806
498842,2,12.07902171,11.87157943,15.38301174
494855,4,28.21751276,30.10229631,34.11386282
562419-1,1,24.17212959,17.04878108,25.02430361
588935,4,26.31217587,22.77665865,22.79120255
607836,4,24.27814554,22.78695325,21.74875073
556746-1,4,58.22789573,52.08734058,58.06921897
570696-1-AIS,2,17.93200147,16.62897086,15.03276785
611208-2-MIA,3,25.61955603,15.65745489,23.95557225
557845-2,2,9.357271896,8.389283091,10.23333154
508500,4,26.29444608,29.08315648,25.689872
602130,4,32.37652389,28.8432708,26.93602027
578879,2,22.36839082,24.10140327,24.39480812
583854-1,1,41.32128,43.80125217,56.75811022
530069,3,15.39111978,13.60222264,12.48653225
578801,3,30.90882207,24.6783029,41.59487464
595101-2,2,11.22782007,13.2721983,12.04185001
535267,3,24.57552213,22.25882453,19.63524362
539852,2,22.46587636,15.71618618,17.28281861
496328,4,57.00227422,42.64231701,55.76663922
539818,4,23.6900496,21.0249312,22.82849715
539163,4,40.59366049,46.29104219,52.40008622
535501,2,14.0435817,14.98996397,15.32898268
455424,3,22.55130012,22.97270246,20.49544597
493997,3,38.0939776,33.16468736,35.41046141
476967,4,26.58587243,25.12095555,28.52957627
562419-2,2,13.91083067,14.12254409,12.01110054
561877,2,15.58642016,17.69239995,14.54602634
582402,4,47.34862222,52.24220444,38.52220766
457423-2,2,23.87443874,26.85874751,22.78157272
578920-1-AAH,1,10.97372219,11.32116853,11.97168123
456510,4,29.09969067,27.51920494,25.6403207
558006-1,1,16.46844007,18.90048856,17.91862812
466572,4,22.52046336,29.432064,36.25954847
600130,3,19.40525976,18.24695902,22.0698973
584997,4,40.43222033,39.04356721,35.20198613
523872,3,17.49235097,20.89473922,21.02153341
458835,3,22.38175147,20.47560107,16.28677598
582635,4,28.99335235,34.03972174,35.32468399
530191-2,2,14.93905516,18.12301196,16.57501357
596613-2,2,20.07181626,24.11375897,19.19951519
559256,4,36.33832486,31.41658827,35.02981631
554033,4,32.90980546,39.49188635,30.79236302
584104-2,4,35.65252923,34.20735015,50.93611174
610541,4,54.71321665,48.49370315,57.20930235
528207,2,25.43095296,19.90560768,17.64398231
568447,4,44.52606439,44.52245854,42.29956235
528211,2,21.54118892,22.21245046,22.73414355
554937-1,2,19.84231424,17.59991296,19.57774859
573552,3,18.28102549,15.42118102,14.02089382
478894,3,23.4489097,22.11837546,22.78982613
515018-1-AIS,2,14.27339301,15.4346413,13.94114689
625959,3,21.30976217,17.75814918,29.88861182
587461,4,29.26789504,28.6552688,20.08064754
470917,4,42.13419698,58.1049774,41.6662734
593582,4,57.43846782,56.83956537,67.94851507
456576,4,52.97978282,50.23972703,49.1895422
489571,3,20.36942208,22.22054016,24.3096035
606244,3,27.09591341,30.68385882,23.92751589
522763,4,24.69544339,24.69544339,16.192869
512771,4,36.62901096,27.00982044,37.42461053
619720,2,15.22126813,15.22126813,14.14880326
601723,4,28.05749333,30.30048,38.46502922
555879,3,31.64134888,32.49652839,41.56727512
612235,4,25.38338393,24.73623819,23.12344081
493241-3,3,16.98052759,15.31642087,15.24487338
485931,4,39.26003906,37.19994457,45.56080548
573189,4,28.17828828,34.06906386,36.4475644
599619-1,1,11.43215922,13.31223577,12.85022602
535668,4,29.82745043,32.0757287,30.78200519
560778,2,27.2832,21.3686592,21.92154342
521461,4,41.11721412,35.59604706,32.26353737
515018-1-AAH,1,7.865620757,9.34913845,6.62841441
596849-1,2,14.30048762,16.65178025,14.25658292
617802,4,45.02948167,42.29260894,56.4497156
542750,4,41.46836945,49.55247709,46.161695
553559-1-MIA,3,12.70473662,14.68889683,14.33480002
591004-1,1,12.353152,12.56090041,12.89301725
593165-2,2,14.4406528,19.63883126,12.80598498
570670,4,25.19472708,29.83860786,31.44425166
507785,4,20.85768533,24.223808,22.22844237
508675,4,89.25893158,50.5157846,72.95782772
589014,4,35.43648,37.92736,54.36142198
459929,4,28.95363646,41.3565949,26.15414402
576607,2,16.92818843,16.66777562,16.8743914
542626,1,23.8341682,22.66754341,21.29104871
455946,4,17.29314282,18.07018518,16.67779271
504990,1,14.78248301,12.17166321,16.36984453
491923,4,38.565632,38.3083008,27.69570074
450512,4,40.57601309,29.50832777,35.34208368
479191,4,20.2666878,37.17495678,40.54966069
564442,4,29.10639472,22.62029421,24.58807317
457787,1,12.08590874,12.71811432,11.21188448
588017,2,15.01074538,15.3598411,17.83807777
525707,3,28.44368436,33.93496615,32.83892733
585497,4,30.79521103,38.17979586,44.78231906
618193-2-AAH,1,11.50415258,9.642795008,10.61148757
599349,2,14.15649308,13.89137609,14.80930175
609201,2,22.4660177,25.62494258,21.92631764
568021,2,17.67131081,15.36633087,15.22680447
607620-1,1,47.21072227,69.46431637,72.12578666
498036,4,43.49874054,33.4846166,51.23641396
603698,1,10.89019869,13.71355822,12.68545878
576949,4,35.15168337,39.97508716,36.00717208
552171,2,30.64982166,21.24870556,20.51310228
482821,4,39.82029108,45.10723084,32.59083166
563568,4,25.41422387,26.23236421,24.13361914
531141,2,19.66437131,21.88032,22.49240776
543659,4,32.22838018,31.7405945,45.28631027
456718,4,22.77589148,24.25849878,26.08205517
584588-1,4,18.30344862,19.32568615,26.22776434
606655-2,2,16.26981396,13.63304408,11.9966408
546667,4,20.70136041,29.72955855,24.86242643
562872,2,10.64913258,11.3304803,11.16139536
573095,4,29.55570383,32.14848,31.29305429
516493-2-AAH,1,11.26815557,10.6724769,10.78434226
558758,4,44.5695488,57.5371776,41.25738053
595710,1,14.8391295,14.98659798,12.57404891
509146,3,27.0946313,18.09222063,24.72055891
558345,4,47.6811776,45.9443712,33.28351958
574301-3-IA,4,52.51658323,31.90077935,32.63613087
538451,1,13.82104482,14.464075,10.94008617
521702,2,14.10853797,15.17442145,10.806831
553873,4,56.6071296,49.9910656,44.27995827
514539,4,25.69752831,25.67642162,25.67244231
573148,2,9.505057032,10.22500748,11.43556058
493241-2,2,36.82544856,36.63160969,47.67114804
513713,4,33.85778717,32.1050083,33.24872019
543175,3,23.067008,20.711776,23.28781389
617475,4,24.46588851,31.26992086,34.12439262
615889,3,17.12016475,16.3036781,17.76683017
578968,4,32.00599804,30.77825853,40.9246705
525901,2,23.53598791,25.31307987,20.16112737
621333,4,28.66714947,29.19316211,31.38862106
530163,4,45.208576,36.5094912,30.54859909
517964,4,61.62563802,81.24324752,57.20039624
517323,4,38.07490081,36.38634146,44.22175675
622823,3,26.00300945,22.19768727,22.92749844
487958,2,38.62718512,31.45557333,39.35221072
535331,1,12.67570643,14.36854539,11.3884614
534353,4,54.41577514,43.42516468,40.06400134
559903,4,28.5787851,42.2096331,23.18200574
543215,4,34.40815304,35.12047304,33.12902228
507115,4,44.89478169,39.78045687,52.66907771
568537,4,32.21779456,30.67749888,27.69141435
610996,2,28.87534222,29.40696889,26.09366256
554670,2,13.808256,12.4644912,11.97215219
512511,4,47.81611268,43.63858208,50.51362355
521804,4,33.34750921,26.23783982,27.25257475
453374,3,17.53648092,17.00577961,16.8821456
508716,4,39.44885677,45.22661161,38.99092005
561481,4,30.91285333,22.20609422,25.69618216
611026-2,2,19.99245312,20.59782144,14.29892185
462524,1,16.3938393,18.67077009,18.41114027
550752-2,2,17.8317348,24.0576473,17.33493345
564121,4,34.25721983,21.68056561,31.09123555
582452,4,14.35532243,17.87257693,12.80194675
564662,3,19.04067794,16.54556623,23.25343449
490370,4,33.92833587,29.96224,37.93345866
592930,3,27.03257423,28.40711884,22.41419913
555969,4,29.94238464,26.73746432,24.76330816
544956,4,18.93310612,20.88820835,23.12425675
611753,2,21.22851388,20.09937318,22.07289738
557168,4,25.74542184,22.1433404,27.22409213
483151-2,2,14.85813221,14.85813221,17.08772698
489154,4,34.79527811,34.43970016,40.88657825
604709,2,22.35297576,21.51037556,29.63579521
477291,3,34.33110892,26.38936214,33.27481973
593165-1,1,34.09293785,32.44319508,31.29531862
597330,4,20.3970816,25.4740864,19.63642757
456592,4,28.1330599,33.9195993,30.35377067
601769,4,27.19673848,36.47571448,29.16049278
561880,4,35.10423102,35.83169561,34.177194
545349,4,24.31785714,34.02535525,20.285412
514697,4,50.95729116,53.14488558,53.01177555
455527,4,54.12080941,62.53959529,50.49982016
589418,4,27.60325545,34.86774694,30.1705892
603662-1,1,21.31643733,17.0339456,22.50357613
609320,4,27.90530859,24.35015845,27.29703398
586904,3,26.00193007,22.24265636,21.26823272
607081,4,16.25247388,24.36203743,18.62286524
621657,4,28.48002812,27.44146571,39.56623497
514244,4,37.88318118,45.69298824,47.59207006
561813,4,35.2318464,30.9663744,34.65315108
450416,4,52.86745446,45.39125205,43.46594201
467926-1,1,20.91387548,22.06006539,23.0990207
618347,2,9.335699356,11.36520492,11.40241116
597018-1,1,25.45262235,27.81516868,23.58508694
594068,4,40.55677585,34.8185117,49.75923227
572138,4,24.1253141,24.30289836,19.541718
551871,3,18.69920131,18.7581022,18.42396871
609833,4,21.51536724,27.43098873,21.43716346
584594,2,19.72705087,25.67064634,21.7848401
491516-2,2,13.77570767,17.21965598,15.93975949
614554-2,2,24.63096832,24.95528448,20.96990431
614554-1,1,12.4210688,16.21828096,11.94336172
622289,2,20.29502089,13.69913834,13.25918781
530793,4,79.35130483,89.72018759,57.40470159
617887,4,48.50516805,42.49270291,34.03229021
541224,4,26.52638589,26.4151303,20.37771464
483151-3,3,16.304857,18.47884587,18.03515176
532136,2,16.33523484,14.50304095,18.97870644
474065,4,22.69765791,23.76979034,25.31142209
599165,3,36.04220179,40.3716203,32.32014543
488881,4,49.17831195,49.35867834,113.0184955
512773,3,30.81748541,30.7441851,22.84274165
596849-2,2,10.17130265,13.29012725,10.89103489
610908-2,4,28.46306864,19.81275792,23.65572748
562428,3,17.19740117,16.54889852,15.71592852
505232,4,29.11451058,28.87602714,24.84862667
570491,4,21.63997621,19.9627768,24.58384718
597516-2,4,22.44673422,20.61966222,19.87018349
479025,2,32.14710506,28.54037279,37.23085075
530789,3,19.56967193,23.58755785,16.8077169
509504,2,22.31521531,19.27355367,22.64135517
619926,4,30.57885042,37.02618489,29.87793154
574504,4,20.70675804,19.27080091,21.56569392
525879,2,12.30133248,10.43334144,9.370473
544998,4,25.5624295,29.0415124,20.35917496
574798,2,35.40758894,29.51380293,42.46185952
534910-2,2,21.56087808,20.51761152,20.64243002
456598,4,33.12630272,33.0977024,34.90379133
591004-2,2,28.49959724,25.98699697,27.92128036
585403,3,16.02730971,15.482304,15.08688691
619730,3,44.91715765,37.95576471,32.9836438
535258,4,43.78494638,53.8251983,40.94837112
597410,4,24.76949344,27.42978741,26.16515372
532376,4,22.02843363,25.65359598,17.57898983
622529,4,36.30663273,32.95671273,30.02748546
458563,4,28.33168853,27.16160803,29.95990754
576113,4,16.59588542,19.79677316,23.19031559
514292,3,19.04101608,22.53294977,23.32990316
625991,3,14.37340444,21.29430756,17.71130114
565143,2,24.92809432,21.87660126,23.47849057
508989-2-AIS,2,13.82945103,16.91094952,12.70582843
614325,4,35.6918684,43.23989965,35.77413578
601551,4,51.4121216,53.8725376,43.18274695
561609,4,44.82586392,39.14864165,47.58514473
525332,3,22.77313239,21.22722271,23.55103605
502440,3,12.86221576,14.58182982,19.38119202
616386,4,36.33070933,32.020352,37.2107511
613228,3,37.53957593,27.09408495,44.73475124
467061,4,34.49054609,28.79784515,33.99270721
495693,4,32.61861647,58.21831529,29.23443745
542703,2,25.42998528,27.36262144,21.63238276
533437,4,29.45411717,26.55352215,39.04217021
529964,3,23.70664102,28.34650132,30.43453268
558006-2,2,11.0957046,11.0957046,10.26220474
550755,4,42.76174452,59.38711123,54.38482259
575259-1-AAH,1,7.052794815,8.674414177,9.503531432
496619,4,30.8545536,28.21291008,61.7449019
574672,3,19.47842447,20.57804729,22.17090995
569363-3-IA,4,29.05903207,27.4717793,33.12266642
595349-1,1,18.49512206,13.32914886,13.32537762
593522,2,25.33992318,23.94309275,19.91935263
574808,2,18.78674245,15.70431063,22.29207126
494216,3,26.13661091,27.34093964,31.87586526
608657-1,2,19.93330923,20.21013162,16.19058351
453685,2,33.62120533,33.961984,34.60170511
545435,4,30.96275665,27.55317131,27.62081833
537698-2,2,15.49693551,19.58412911,17.57129358
583854-2,2,13.952736,19.35263583,17.07627221
500740,4,29.77623341,48.71529412,44.27172796
582495,4,37.4449152,37.4977536,47.69496827
565941,4,34.22394182,47.78449455,56.15182079
526171,3,28.96385812,26.63099129,27.04185843
535618,2,17.25198416,17.84929429,15.32679272
594411,3,17.8844934,17.41479491,17.11888463
563516,4,23.59739967,20.22315695,23.10744444
456968,4,23.24469909,26.24586745,35.35892492
624694,4,45.10271015,31.87471754,44.51292376
558322,4,38.55816533,46.68578133,34.49610235
488026,2,42.1344,29.9849088,26.35608127
550968,4,30.63390097,32.89676108,28.21390799
614040-1-IA,4,59.70562098,37.24216656,49.22708768
578869,4,27.93609216,31.39584,30.04057613
624252-1-MIA,3,27.04954099,20.3808354,30.27127211
618630,4,42.29788476,29.42786157,26.1202145
530649,4,20.31993256,23.32172047,22.33288418
561960,4,23.76533969,22.63822817,20.72226034
597503,2,14.60050103,15.45934109,14.74976582
563424,4,42.54334765,46.77604013,57.29690082
538285,4,22.69107739,19.08222518,26.37365008
574906-1-MIA,3,44.79811368,41.44738807,42.59445721
504987,4,31.48519586,40.25847629,58.92353578
574142-2-AIS,2,14.91276868,13.07945338,12.92991822
473842,2,25.01048123,17.38793354,19.71859614
606203,2,33.90700959,34.44905256,34.34160113
464618-1,1,21.18016073,16.48711071,18.20590251
480107,1,16.12090765,18.0130327,19.16720575
619734,2,27.81229615,23.25255447,25.69482192
592157,3,29.6843091,26.46981266,26.16540148
565631,3,16.08201183,20.37056974,14.66476402
531871,2,16.38006272,20.26085376,17.64599228
553982,2,17.34728309,17.93270119,18.82282237
577254,1,14.30356713,17.12687476,16.08391952
575198,2,17.02213294,16.31202245,20.75750802
616199,4,44.16120471,41.56476235,37.56355906
560611,4,15.01665739,11.64146558,15.50258966
555731,4,31.60569137,33.3819333,40.16595066
473850,2,16.25412267,18.71084089,15.605499
581468,4,15.53234547,17.50917747,15.18681726
561817,4,23.60920663,26.01240976,22.26303706
451056,3,37.24262601,33.70429159,34.21530333
573245-1-IA,4,41.05739267,42.34947286,35.94844034
449939,3,47.05306782,47.74152665,40.97688542
528168,2,21.9267072,24.01830912,22.94953005
616556,4,31.91441258,33.04397663,38.54722779
589207,4,32.569152,30.2881152,35.39042574
608657-2,2,12.35171785,12.35171785,10.02725229
469219,4,50.11387733,34.79187911,42.77361887
605626,2,18.73141557,18.68606223,19.09771956
572088,4,58.69446817,46.54470817,20.75015815
617708,4,23.37603899,23.7832255,20.59596083
576129,2,28.98267722,25.35908073,23.72001636
510743,4,21.39771811,29.08389935,27.80279516
534366,4,58.458624,60.7842816,42.64005642
452367,2,15.6050241,17.05083967,17.3123981
486072,3,23.97176938,21.87048064,17.651088
555612,4,34.76563349,33.7396093,35.49778097
560889,4,45.65961366,50.35804098,47.24527611
598676,2,20.04487996,27.57095592,22.61300566
608857,2,29.1246592,24.1040128,29.23569746
612556,4,50.35490133,40.13661867,55.37424848
562267,2,15.44333209,14.4956977,14.44735806
568183,4,20.81546498,26.48597481,22.00770595
518120,4,25.72441457,24.33854467,23.43646305
610451,3,15.41879808,18.12597248,16.04834014
601312,4,42.69928727,42.90699636,40.61446239
496666,4,50.04464777,53.73800102,43.01665312
578445,2,21.98242189,16.9551741,18.82962164
621383,4,42.91263678,33.50247558,41.69057297
605985,3,35.744128,43.40343467,45.6802034
513726,4,50.87589818,22.97149527,33.88500909
570038-2-AIS,2,23.49500231,19.54488293,17.6561621
590059-1,1,38.0942785,31.52722139,30.61580085
540058,4,45.44737841,40.06843266,40.99577236
572375-2,2,15.13091536,14.43245118,15.62080861
590238,2,15.83350564,15.83350564,14.62340252
503952,4,27.17100218,25.72442531,28.83741712
555894,3,15.9956968,19.67130426,16.73074294
534360,4,48.89319273,51.76477091,76.30606933
611426,4,22.00808765,19.36595896,22.14717378
551609,4,27.18743156,25.59089463,27.73235639
450997,4,22.86370987,24.11464533,25.94450756
461959,2,16.8755712,18.57543168,14.452326
602369,4,34.66770231,24.59371642,31.75823073
574301-1-MIA,3,15.65554787,21.68403819,19.36898223
460251,2,15.98791414,17.39084874,15.41217719
595715,2,17.15539495,22.42086439,15.82634398
602468,2,14.45612838,12.39818271,11.61963395
506954,2,22.18915328,28.42133504,20.67104953
496237,2,15.83087262,15.44474585,17.48845624
553937,4,39.02488749,35.264611,30.81020593
503711,4,32.95941729,25.4693156,33.70741219
507809,3,21.96552453,19.57461011,21.18479057
456906,4,38.58010839,42.91534452,50.78262837
556001,4,46.11753101,36.85437064,29.34748767
450727,3,20.05779725,18.64338046,19.64947734
619701-1-AIS,2,13.47717211,15.06269565,16.02757253
620048-1-MIA,3,24.63143485,20.09208624,23.82852446
557257,4,38.13811624,37.04271912,48.51395398
494938,3,21.31830936,20.41382951,30.68906655
467773,2,17.52054965,20.37976847,18.97144625
575259-2-AIS,2,9.842680223,10.04443674,10.51216583
597228,4,29.0032551,26.45711917,31.8908342
558672-2,2,18.62396073,15.21227782,21.27292646
530191-1,2,19.02957533,18.38062722,20.6171093
572375-1,1,15.0634926,13.56421233,15.215198
593548,3,23.21769503,26.26124412,25.79776482
544721,2,24.55187398,26.14577469,23.00899875
562059,4,30.32966266,35.73924699,36.16905768
491789,4,36.6920671,31.69810994,35.23515361
613501-2-IA,4,51.08450925,46.08706305,48.81274877
618049,2,11.57634655,12.69351917,14.11908933
552162,2,14.34465103,15.44471834,17.90866619
460064-1,1,23.03368582,20.75026036,23.97819185
575259-3-AIS,2,12.53506268,15.08015635,13.74884994
456879,4,30.46657782,33.68594116,38.51182841
559652,4,16.2825728,17.5272448,21.57251429
542966,4,26.33323112,25.30935048,20.62161039
559024,4,41.71052624,58.68158826,50.25281451
518994,4,39.07584,33.30048,30.53629877
518764,1,20.5795296,23.6664624,18.37425958
569341-2-AIS,2,11.27123764,13.11253795,16.28176607
487734,4,17.32653331,19.17828995,17.92123047
554891,4,33.53003836,50.5977337,30.00697672
486687-1,1,13.56770358,12.42950063,11.959668
459304,4,51.8525565,35.42576699,46.53931737
622373,1,20.84656505,19.01834779,26.0119434
562183-1,2,8.28111741,8.128933097,9.125330867
453636,4,41.69441115,36.06589769,39.82923
585465,4,21.5215837,23.43693864,23.19964543
588674,4,39.61508278,37.47445733,47.21977655
608951,3,17.24178898,12.0629559,12.47420438
467951,4,26.21691629,29.26196137,41.23968084
578856,3,27.2378624,28.2763264,30.56370833
500432,3,30.39740928,19.77732096,15.390165
529612,2,20.78565888,19.03043072,17.20829991
485172,2,26.08164828,25.13896196,22.05717535
526945,4,25.68324267,20.59282773,24.79186766
549693-2,2,16.51318276,15.74245606,19.06610312
548993,2,31.81062033,26.36445622,24.58940119
492539,4,19.49066885,24.4221592,25.44450227
601407,4,29.5504514,21.6319098,37.50114603
511164,4,22.21187113,18.92477396,31.91134351
504444,3,23.49771373,28.28038975,24.51270328
492828,3,22.56698323,24.86996814,19.84647837
488661,4,53.394432,53.25449552,38.1290974
578754,4,14.33352641,16.29829868,22.06785517
565612-2-AIS,2,7.723147636,7.679832436,9.55005981
556158,2,40.3243008,32.21428224,31.65892813
553673,4,37.0216448,27.9496448,23.04354277
455553-2,2,13.16790635,12.38959765,14.28447228
574856,2,18.23596544,16.83806208,15.58447766
593357,3,22.05644347,18.99037904,19.65390536
607412,2,21.94208514,19.08006493,25.16303821
530256,4,32.32465776,33.49797397,24.97835338
553066,2,14.30578688,13.4116864,11.97463169
463868,2,18.25513984,20.47463936,15.46536742
458738,3,16.71675257,16.98470295,19.38485707
519786,4,39.6476416,43.4097664,29.25946537
490416,3,14.71084089,13.18508089,15.98957891
582353,4,32.2600934,35.21907655,48.07866157
553101,4,54.66697884,57.45623818,50.53076956
459868-2,2,19.70752741,20.88088754,17.9180587
517683,2,15.80507496,17.40506548,16.76377851
595349-2,2,13.09451779,11.1344216,12.26381614
542982,3,23.95685279,19.79258045,18.16592518
563088-1,1,15.06947164,14.56044297,18.84127285
601550,3,18.19440526,17.09101986,20.97498144
533768,4,42.97787362,28.74082319,52.90098378
578772,3,17.25712374,18.42172361,18.72630984
536831,4,22.95434812,24.64528323,32.62263111
500453,3,19.4074368,19.8846976,23.86758378
574366,4,42.32508687,38.33102649,44.60832209
513862,2,25.35115083,22.89995707,29.2530452
522752-2-AIS,2,10.00987465,10.00987465,13.14478077
541003,4,55.74018524,51.69834186,49.90022981
578408,2,19.12637854,20.58579163,21.85998879
471381,3,17.53586429,21.24566053,17.61191287
542239,4,48.10925967,49.60533215,26.06018168
487128,4,24.91185021,20.8347579,16.041921
506450,4,21.6213418,21.6213418,16.596069
525030,2,15.20110594,17.32322712,12.631017
533384,3,25.89743766,22.47643317,32.01784165
473681-1,1,9.709159385,11.20288615,8.473731
593900,2,17.23299691,13.23487486,14.99913235
545432,4,33.74196,28.24332,28.99206837
587903,2,14.36669774,19.22693936,14.67034417
454924,2,13.74547968,14.07187968,10.714977
615234,4,28.57190798,26.10883648,25.3115186
588721,3,20.39359901,20.09804403,21.91791333
482266,4,32.85193532,28.47715813,38.06273624
496344,1,16.90008891,16.8787934,16.41508156
462401,1,20.37039341,24.58131425,20.23407715
459323,4,21.56545298,22.02554772,27.74031563
512694,4,19.94190764,25.47003057,25.09813232
593889,3,16.45758283,15.18920069,16.62781249
601887,2,13.47024851,15.55412901,10.45439769
550329,4,34.31658496,36.675072,42.63705647
543146,4,23.94665891,23.49730473,24.2735367
528572,2,18.82530198,19.08187261,19.77654731
518876,1,13.45106365,14.08189959,16.26619634
499422,4,33.74254327,32.0896755,42.98152431
480255,3,20.49100082,19.55959626,20.04676041
537730,3,27.46139396,27.43137011,31.04855856
609975,2,17.80512555,18.53675875,20.3917134
542943,3,27.43334892,22.08036923,26.05364566
526450,1,10.40545691,9.401175544,13.00789026
558390,2,14.42921729,16.95284151,17.23676941
615844,4,47.38797382,38.52637091,40.93247071
486348,4,71.01487379,60.24040693,57.07554883
587152,4,39.31734361,32.92832386,27.35378925
578304,3,16.98103714,17.54103488,19.68517672
461937,3,22.64293976,24.04720442,19.19252531
567444,4,45.52565205,44.47150265,39.4372316
470040,2,20.2406103,23.31122705,26.84707182
597776,2,14.73957647,18.23725929,16.19515758
594892,4,29.9022701,38.98318574,29.80293993
557220,2,27.45369088,22.58737152,21.80745507
607503,2,16.06794165,24.61169694,27.45308969
617814,3,21.87814438,19.02659416,18.62421522
565893,2,14.73570511,14.25614214,13.64595203
609190,4,51.0072158,41.29448506,44.96307614
535939,2,22.55799467,21.046144,20.64872991
457978,4,41.08972537,36.4528149,62.87654472
592868,4,31.03281853,37.08789221,33.10682266
623267,3,30.26593309,42.09285818,35.77196101
528154,3,17.27409349,19.32654572,20.42682378
612402,2,22.62023932,16.85598612,20.58468103
452324,4,41.02416277,49.26342659,40.10627485
600632,3,12.54209362,13.03874451,18.31312064
487490,4,28.60100096,29.65469696,21.53307653
573445,2,18.4274944,21.83963443,19.8753099
546854,2,20.29606841,16.87007338,13.39863635
623008,2,13.80060554,11.83919262,14.89508962
486606,3,31.35822281,30.0510995,26.8146869
482735,3,38.7538944,48.0427008,41.32547934
584643,4,31.7818368,37.716336,25.63762063
551396,1,33.02139904,30.85827584,26.40012057
625558,4,19.07731365,18.67141795,20.86850608
608352,2,21.92682165,20.08127247,22.21191684
488654,1,12.65373078,13.319712,11.34130764
582922,4,31.30597724,33.53804199,31.01825908
513067,4,30.58476118,30.48752839,28.03931103
517883,4,46.61405538,45.37129573,37.35547714
487071,2,21.1539023,19.1392463,26.49037804
604340,3,18.04710158,15.73463909,13.03436683
533831,2,14.93635813,22.73829038,19.99187716
487533,2,17.74253325,14.10412695,20.73410843
601560,4,51.19722918,49.83362259,47.35057427
599539,2,18.4863263,19.19655564,19.26476405
568893,2,18.9702912,20.61362688,15.78542472
608581,3,24.548288,30.634784,26.05547359
595261,2,12.70635616,17.01920532,12.4208649
551377-2,2,14.46095946,11.26551312,12.51566174
602052,3,35.31526564,40.81716513,34.58700472
564825,2,46.68325347,34.65361556,47.56624423
459316,3,14.21969693,15.16007502,11.070192
587527,3,20.66376282,19.11322955,17.24415723
450267,2,18.88778779,15.105024,15.357531
606253,2,19.38258882,17.15386555,21.40549672
608595,3,30.925312,27.473792,23.72968345
532659,4,47.8825984,52.8769024,39.98894603
515985,4,35.91168,35.49613792,32.68832996
608508,4,41.70581333,48.18930162,36.35165088
619400,3,38.76080417,25.36876744,42.51271158
548322,2,15.79596255,14.29754553,16.25457519
499008,2,11.66006016,14.22457344,13.45358192
599038,2,14.06606319,15.34984678,14.22218198
498771,2,20.5580563,22.505728,18.58482974
513155,2,16.29987707,19.84242868,28.4599937
464618-2,2,13.61072227,16.24834321,14.54134642
512804,3,19.95429046,17.63320246,26.4183493
487129,4,52.83872,46.53184,44.24305178
479861,4,33.87138306,44.3208418,38.31833178
591701,3,23.78151184,28.59361176,23.9754019
609081,2,14.28171183,16.87840472,13.04881133
609679,3,38.22951164,33.41785791,37.63538446
617453,1,18.6761349,14.1890758,15.05154372
564833-1,1,48.8595968,50.627584,31.99564204
606320-3,3,37.10966719,35.63881958,42.26356298
557644,2,18.14322255,13.66370777,14.89168031
589803,4,23.49959142,28.38885276,19.57621862
608577,4,33.81088177,43.64896177,40.91778645
461949,3,17.81915927,17.3763072,15.62870746
467932,3,22.08150375,25.2192252,24.71359646
583729,4,49.13376,49.14496,42.41626032
515002,2,22.45635628,29.57364409,39.6764081
550785,3,13.92770589,14.44226157,15.16095658
534538,4,32.305909,32.38169673,19.72321605
618413,2,18.18434337,15.51095986,16.43386342
613331,2,13.99907328,16.65441792,16.70769864
608735,3,13.63639027,16.37623819,21.52764385
467729,2,15.64796679,22.50105911,19.28834364
562319,4,23.88366689,23.35024682,25.00042403
461521,2,20.11470927,21.55147422,16.93738384
552174,1,10.653035,12.49225947,10.43174808
604755,2,18.4740864,14.37573939,15.77927483
601370,1,15.43460978,15.43460978,14.26270308
466118,1,21.49136772,21.61525407,33.29307088
519130,2,18.01406701,19.09781148,19.19999518
457211,1,17.09003869,18.57024,17.36724429
477193,4,28.89272195,36.35166699,42.42346019
531046,2,15.46572255,15.90789447,13.3230485
526062,2,16.312384,20.65968,17.31641803
605529,4,39.47569416,31.04848987,28.61833094
538500,2,19.50097285,17.76077238,16.05590001
613311,2,21.47131785,23.15312078,21.44054084
525634,4,22.71576474,25.68325939,16.56220118
450724,2,20.84341274,21.85193832,17.91628865
458354,4,33.01798957,32.47250087,35.74767661
477221,4,30.27911831,42.09913976,24.12956921
562455,3,9.752928,10.11696,10.87443296
540705,2,36.65058783,37.60570435,42.42526016
614487,4,40.73693867,35.099008,45.68500332
512798,2,19.9930162,15.65409249,13.92539716
524997,3,30.68243027,31.33016562,29.18967097
474312,4,68.04852669,65.76275725,40.17349943
477064,1,17.60525482,15.05060507,14.29388073
477952,3,23.68417707,23.3053184,20.52591206
580089,3,20.60009295,18.21651044,20.66052044
614415,2,14.59369203,15.04884385,16.45855299
555018,2,12.30119407,15.85599856,14.35555966
584349,3,18.24967353,20.98457055,17.33003779
615165,2,16.25644903,17.24169446,17.14449102
618887,3,20.92923958,18.830848,16.92474486
466562,4,30.58724272,26.89494147,32.14914095
528128,3,18.26682961,15.56353411,25.13380957
578568,1,14.41689088,17.22011648,12.99441991
542846,2,14.52405459,13.44478478,14.18404103
521430,3,20.64515057,19.4518123,25.24806971
576265,3,12.89253447,16.25579438,13.32615761
611030,4,45.18243388,41.86607435,35.32592405
576149,2,17.14562766,16.85940406,15.62497872
576131,2,15.76963505,14.04534549,17.21552979
583364-1,1,30.44631352,30.09256358,28.35737177
525468,3,20.62402259,24.69544659,20.17000761
561683,3,18.75737173,14.95116373,15.71396104
523881,3,17.24151306,15.63816091,16.65522956
573056,4,32.41509209,26.8689667,24.08861993
580428,2,13.74136806,11.8129302,14.63149485
530851,3,21.187152,18.787776,21.8366112
617695,2,22.19767844,22.19767844,16.53367168
585063,2,28.8311028,28.55972366,22.26652245
572414,1,13.98571008,12.90989568,8.989974
495795,2,15.30924104,13.62591026,11.81401712
588998,2,28.77361021,29.76588255,24.00342141
525464,4,34.72786005,21.04776872,37.88769106
615516,3,33.43902897,33.7174069,28.64435878
559604,4,34.83078579,35.21866168,39.31911433
586146,3,15.41278681,15.83692995,15.52020766
567575,2,19.40326957,23.65884104,24.35519528
609939,2,18.92447173,17.52503977,18.32681939
471540,4,20.85389315,25.94990876,28.81602749
609414,3,16.52867657,16.92027429,17.22207049
505374,4,43.7184817,54.02112,26.87467134
487241,4,57.87449962,42.93970113,36.14006977
506689,3,19.84379077,21.05545846,21.35836754
603662-2,2,13.15328,14.56128427,11.50833314
531838,2,14.01208806,14.88784527,15.91371938
493149,4,25.60255577,23.39673706,22.27911572
558876,4,26.6350336,21.5529216,19.51195974
573111-2,2,16.18179219,18.20455243,15.07986703
451518,4,21.45245365,21.48706704,26.0952826
472598,4,44.17536,60.4090368,39.41658
590335,2,13.023067,12.65622506,14.05028498
493963,4,38.44792709,35.58367595,32.4773646
624875,3,13.92829349,15.72864909,15.85718347
613224,1,20.27664906,21.31381132,17.11260158
616526,3,23.22886578,25.43928644,27.81780047
554937-2,2,13.70281472,11.47657728,10.35761938
576144,1,18.80546091,17.3257036,19.2792243
615121,2,23.9952384,18.71428608,20.63696982
610852,2,37.11024832,27.29429383,28.70409084
584930,2,16.79732653,17.76041514,17.82508916
480634,3,34.06810537,31.46052683,31.93924302
581167,3,37.49472251,44.11801065,25.06591289
618597,1,13.70529808,15.9265026,15.04461354
597937,2,24.37288448,25.58965248,19.96933176
541794,4,53.2256256,46.020352,49.9005298
621884,2,16.43896203,17.65666696,20.85984565
557939,4,34.80532677,20.51021194,21.09784188
585891,4,21.82238569,26.56291087,24.29727557
475982,4,36.16332957,30.84824658,28.18720845
621654,4,39.95268843,46.92812108,30.35689407
617420,1,11.13520239,12.31549006,12.67794163
610930,2,26.50852829,22.38569698,22.81403677
485020,4,35.4940747,39.35915138,37.95946549
577023,4,24.50047316,20.15617643,24.65774
589728,2,16.95958701,14.0850606,20.04259427
453135,2,25.16095041,28.28587822,23.55444924
461231,3,25.67299423,28.03899684,22.53756826
557966,4,23.93702835,26.33073423,26.71942405
548300,2,12.82417179,11.28003368,13.78446057
536580,2,16.606464,15.39542239,16.51423198
481190,2,18.4863752,19.2258426,17.91730868
452700,2,15.3020061,17.57135587,17.96873002
589774,4,47.24750049,68.27618341,48.65285156
591052,4,21.87978381,20.81621065,19.88575017
599241,2,14.31320969,15.19290003,18.43758847
524577,1,19.17198003,24.35162585,12.46730259
573796,3,33.08724979,31.27876989,32.92976411
496149,4,25.26717062,26.41848656,25.13097261
512858,2,20.07987665,17.1365376,18.5335568
534535,1,18.61283945,18.25818844,15.5057696
579338,2,19.04605285,19.48189167,19.65448725
535923,4,36.25809702,40.95498894,38.42392994
530287,2,24.38955008,26.6543872,20.85830626
590520,2,12.4537307,16.48945504,15.4426507
457612,1,15.13748336,17.36968942,16.43674337
514972,3,21.50973242,20.19890917,18.51738708
616557,3,16.6218261,15.61458464,16.50475196
500225,3,15.43513383,15.46615062,11.62599726
465280,3,23.897184,33.84736,28.08107031
591821,2,14.51999024,13.73793193,11.81721911
520132,1,19.0360576,17.16990464,16.91178508
456821,4,26.47293643,28.2260624,26.18552336
488314,4,21.04475297,22.57943761,23.1217263
541220,1,24.71975804,25.51345113,24.88333848
531410,2,10.57692939,14.41980522,12.66493914
558213,2,15.65261824,14.9719808,14.37312266
545008,4,39.89961443,72.23522623,60.10575184
482988,4,32.5194086,28.85870689,28.08218029
498100,2,18.49268605,20.43928976,18.30196005
450917,4,47.4872832,51.0302208,54.8513348
584659,2,19.82816271,17.61601245,22.18555033
527239,2,17.49259378,17.13908622,17.16563902
554521,2,25.52226462,33.66468923,29.30593658
595145,2,31.24782545,27.2590848,35.61093151
451267,3,23.74219093,25.59931733,26.26847713
498078,4,28.3675081,29.65508231,30.22933179
586812,3,13.21821113,15.85014163,16.67374269
526381,4,40.41303544,43.22164725,33.13016662
583364-3,3,16.93132365,17.98733453,14.91153005
536564,4,48.62445382,43.33056,33.6903
457423-3,3,10.58440084,12.91497544,10.666254
614456,2,14.89007382,18.01472449,14.81017173
524885,3,21.50234145,25.02954077,27.96953225
455553-1,1,18.92929069,27.21083496,23.2579914
468031,1,20.09106432,18.2118912,12.671841
538853,1,11.99536611,12.91810517,9.061071987
574165,3,16.53726084,19.36260566,12.95852649
489574,2,20.08620544,23.69314304,16.38127215
610912,2,15.45264723,15.11450839,14.00789572
540178,4,39.54011774,31.78708528,42.32780721
574088,2,14.46452721,14.10052055,10.98244848
557007,4,34.38054475,36.62301466,28.26685707
534806,2,22.49203712,20.89823232,18.1740554
555760,2,17.81057955,18.70581524,15.88004307
470326,2,23.78838151,28.08953562,27.1522865
460856,4,59.34264,56.96152,75.50688326
623477,4,20.29501127,16.48971233,15.12135412
484223,3,18.22657839,16.90923123,24.52715228
557922,3,12.85232383,11.54255652,14.16742059
526009,2,21.97475328,13.1708928,13.06011
590495,3,15.36192677,16.86726094,19.89082313
491942,3,23.75847936,20.55553024,17.70211071
475652,2,19.48951557,16.72087557,15.295665
518510,2,18.04393803,11.7850621,13.32237768
532519,3,37.64070104,40.81502705,36.26246763
598235,3,26.59629985,32.1634797,24.45675974
574197,4,29.56885108,29.79637361,24.85382012
596387,4,31.750656,29.31904985,27.81125501
599307,2,36.51640407,33.51161492,32.98106272
615548,3,23.0915328,17.7035264,17.78596061
602011,4,25.59573011,26.65073026,29.5148653
500182,2,16.65823519,19.09232019,16.71279855
583163,3,20.39768783,23.73825906,20.68374564
595474,4,42.38535593,44.71768949,38.11029689
622826,2,23.29474279,16.64192871,20.93123499
459896,4,49.76557091,44.41858909,53.16627285
590059-2,2,14.51140518,13.09564851,11.81925917
600272,2,26.17602048,22.65934848,18.33964018
502552,4,34.97163084,53.23681609,41.62187417
621540,2,15.39445775,13.69914452,14.37244936
610963,2,13.2181097,17.86231845,12.53813135
551284,4,39.5308032,32.1500928,33.01952419
552180-1,1,11.56618105,9.982354863,10.81610138
615251,2,12.4854912,14.03953152,14.99928843
603290,4,42.5155584,33.78432,26.29074
566548,2,12.32065073,15.62013318,14.19156187
525480,4,17.92641668,13.32026597,22.14801377
622798,2,10.95930475,11.76506014,16.35790474
618526,2,16.33082333,13.85486742,13.98786589
522036,2,19.45536817,23.79701923,23.17087593
557026,4,28.52811294,31.13626353,28.01138152
608742,2,13.84002728,20.6757141,18.97399632
450103,1,14.34903514,15.90109298,16.58458079
574892,4,20.40205176,18.04796988,19.0420381
581679,2,23.50946304,21.64878336,28.6373506
622103,2,16.71239487,18.06481389,14.86867071
531180,4,50.28073351,49.13433394,48.96188074
613887,2,22.68075014,23.45508167,17.91517758
567149,3,32.12230366,31.70123058,36.99895479
545110,2,46.78847005,45.67148767,47.32567471
617164,4,27.70983873,23.81717069,33.61377927
602965,4,24.48624543,19.30268015,20.75819801
495563,3,38.0167361,28.30149684,20.79642733
464519,4,30.60609324,34.40701793,32.74742893
500866,3,22.7406592,22.81961472,17.92984733
516762,3,20.0372363,22.80204432,18.15916333
582400,4,26.89096976,30.32281762,34.02960657
603879,4,40.84461303,34.98598112,33.36237269
474981,4,31.11280941,33.24739765,34.7427088
473435,4,33.80144899,32.55590831,28.15537649
524072,2,15.57994591,14.48798146,22.09578468
605129,2,17.21779413,15.16806382,17.34239757
496174,3,27.48122453,24.19339947,25.94061173
538529,2,16.13356463,16.64525923,12.89778738
455981,4,46.92903724,38.99374345,23.52882
606676,4,35.3253443,31.94801047,48.37595639
457601,4,27.23978735,28.55687845,25.93334776
542457,3,24.50584216,23.25977254,24.41058853
517090,2,14.20090368,20.65585152,14.884065
524210,2,13.63837577,16.31100399,17.17947041
476572,3,12.73042675,17.93598111,15.81068428
558538,3,27.84552316,25.92390898,22.83621293
578425,4,30.53184,24.3264,35.85567473
536667,4,32.73892881,33.39984271,31.82243241
575326,2,19.44465691,19.00394146,19.68549493
579958,3,22.30919417,26.08636172,27.43850773
606208,2,30.5758208,29.28099328,30.58183333
582837,2,13.04964864,11.99579136,14.374126
459394,4,27.46729958,27.58177102,18.464922
572124,2,11.09827332,12.10719386,11.5317389
613369,4,24.40547721,37.48666047,32.95136409
618566,3,14.87805229,13.95282606,14.54684052
523723,3,21.22712936,18.02202453,17.005002
610322,4,18.59311162,20.6976,27.50082042
601934,2,19.67883941,20.14814875,18.62718517
455254,4,35.60931411,40.84613848,51.55050103
498351,4,28.79544236,24.54652223,28.23783311
617428,1,13.38343513,12.7622233,7.692075861
466127,2,28.74407584,22.85474006,20.96618438
451690,3,25.41205431,26.79331857,18.57423609
495008,4,34.5969639,46.5398426,55.24313979
450365,3,32.48021082,28.94536433,38.95672065
468684,4,47.64965445,52.00983116,37.19545136
466339,4,22.92459414,20.31789922,22.67543457
564784,2,25.24987185,20.35241806,23.15320624
599663,2,14.82190151,16.84262501,15.67355667
509066,4,23.8112984,27.49842645,22.36119005
528089,2,18.42000757,21.0439365,17.72527366
621301-2-AAH,1,14.3619917,16.16016358,16.28239099
516688,4,40.58945085,34.70709153,42.89715193
487078,2,16.01148416,14.76844544,13.55108447
456048,3,19.02525466,21.81992869,22.53555825
611257,2,10.54738944,16.5356352,14.51995981
564177,4,34.18566953,38.02434318,37.17907253
532241,4,52.79028584,52.79028584,70.82426492
556159,2,12.14163881,14.52981243,14.73449542
621448,3,14.82447951,15.58068775,19.173462
588930,2,24.39911385,24.28535631,21.66589218
577394,1,11.30027095,12.69319526,15.27720962
506492,3,36.47461194,27.39547677,38.2544329
621323,2,20.32801169,15.39885857,17.79025976
589731,2,24.74608027,24.88466161,25.58535383
582956,4,47.39136,43.296,30.43476926
582357,4,51.6246849,50.62266269,52.39157045
522070,2,14.817264,13.17089455,10.50113687
574533,2,18.97450338,17.16739938,17.75852032
519044,4,45.77482601,47.84738945,54.55432703
556007,4,55.50120315,36.04346961,46.39291354
546059,3,16.11669073,22.4659762,22.46864818
566703,3,24.8027136,21.28505742,23.61576817
531010,4,51.2060416,51.319296,39.46543233
598695,2,17.501088,14.436448,14.48485889
476695,2,19.54154496,22.79846912,15.07263427
506964,4,29.38630845,28.44913078,38.44252962
576214,3,16.01457521,13.38744446,16.29108444
605894,4,28.39597851,29.04136597,39.40911276
487996,2,26.53892912,23.90123105,40.22597537
491777,4,48.62894201,45.47650651,34.29284951
548309,2,22.72269918,25.81095891,19.24634437
526829,2,19.39000807,25.02470677,23.93598259
574305,2,20.35669078,23.65369178,22.15380658
501555,4,42.63332724,55.38567844,45.72269601
532294,2,14.6657884,16.86565969,14.3894864
577105,3,32.2903206,25.89880626,40.53199318
550082,4,40.66768696,38.88601043,37.74744174
450533,3,13.914944,14.87376,16.02893048
601935,4,28.02677396,23.75463536,28.01750141
518020,2,15.38061025,16.31707172,18.62718517
452261,3,19.89829632,21.24776448,21.25572267
531497,4,35.01259034,39.28161103,29.96869739
621590,1,15.65006928,14.37804714,16.53094172
478537,4,44.96658178,40.71254343,35.46302764
617185,3,31.26967491,27.95979912,41.22497973
458271,1,16.3460093,17.42905451,17.0945119
574203,3,19.15359289,18.06969837,16.71870845
533112,1,13.84479744,14.30071296,11.251674
576969,4,32.23539477,29.98356646,34.08719165
580977,3,24.85475328,27.5206656,26.48247273
553055,3,33.64374109,35.72177455,41.5573753
519026,4,21.62541645,22.53436619,14.767053
544515,3,19.4776641,23.78502182,12.71248831
549300,3,24.01573888,20.08416256,25.63356206
608396,4,36.46777469,52.79764898,48.34311076
493585,3,13.93102561,13.54403286,15.51448309
489239,4,32.61492706,30.68506955,33.37230909
552148,2,30.611776,36.36672,29.93842792
463605,3,19.12352517,19.49145921,19.48400494
620261,1,12.10442371,11.46668099,16.08613948
542828,2,13.53388694,14.56456415,17.12607135
603753,2,15.10905659,19.83837206,13.61963626
613877,2,30.78859967,37.71620943,32.99222466
452529,4,36.20375332,30.92574623,38.73622449
455739,4,25.56897664,29.18375292,27.26453886
470511,3,16.78841472,21.15679104,19.17329564
500123,2,16.37697969,15.99702646,18.72769634
568035,3,18.56344308,17.21385336,19.4518253
578438,3,17.8159093,18.32496622,20.51978135
579183,2,19.34912,22.74144768,19.8067946
483938,3,48.69047668,43.57002283,44.92631655
585836,2,19.80618494,23.03126832,20.23785708
564813,3,23.26429214,23.81994918,23.86836377
571828,2,14.02013013,16.08128853,18.82233176
554607,4,17.42877696,22.17983488,17.70422126
457800,4,30.92765538,27.75891692,29.5779542
536976,4,33.70289548,31.56116645,28.48768321
494273,2,23.75589542,23.56299359,28.02063216
515203,3,16.35022959,19.53029552,21.89235266
557087,3,14.45725509,14.69888537,14.18554454
615319,4,32.49798068,29.82551404,33.58261437
606405,2,17.67114007,17.16312436,16.00076097
543428,4,56.87837458,51.51887079,40.33065497
579620,2,18.37484544,17.8461696,13.54644377
488718,4,25.72542219,32.8073127,39.6359568
530681,4,31.35491821,25.29977696,24.66832982
562619,2,17.94905199,18.21393982,19.62190782
482705,3,40.17683801,31.18377017,52.78377952
467758,2,16.61435385,17.64948372,17.78923533
525994,3,17.6772288,19.7563632,16.21519069
603607,4,54.66106735,45.96300339,59.32696542
533577,4,37.01212098,42.9942322,43.0594491
584071,3,26.23991417,21.32562867,19.18061552
495316,3,15.60683374,16.53168409,21.53958652
583600,2,18.58837384,18.00748122,14.47876751
610671,1,15.53598578,14.60781511,13.12474332
556003,4,25.04661312,33.36353487,28.34365573
574413,2,16.33204224,17.8363392,12.404364
603516,2,21.91756439,22.84466317,14.45458793
624114-2-AIS,2,13.63826246,13.63826246,12.56933081
526099,2,15.00939059,11.9424041,10.993206
528962,3,13.76993204,13.83734495,14.97846181
493866,4,43.57128533,29.903104,29.46081844
598164,2,17.15844843,14.14623204,13.70373103
479858,3,20.60491135,25.80634433,24.75823825
530693,4,31.53624511,27.83918706,23.99898149
585390,3,21.17253898,25.55867447,33.84658536
506023,2,17.00181958,17.79189472,14.76255975
553845,3,11.8210426,13.79122158,13.29968798
602294,2,20.42356185,18.21698954,18.7851819
589591,4,18.01270367,25.96544264,22.64405512
481772,4,44.62311582,42.95374375,37.60388364
478404,2,17.96429953,17.72924079,21.47584549
451731,3,23.12381217,26.750304,24.27123489
487871,4,20.65924943,19.67187517,19.23479457