524544,1,19.31681382,16.75084186,21.55337379,9.539148434331182
452736,4,19.9995392,17.19610027,25.48869551,11.620480014056929
483151-1,1,14.69050823,15.82054045,15.56653719,7.917528005243069
451333-2-AIS,2,14.24402824,15.14058692,16.45024313,7.892134480307496
486246,3,17.098752,19.4701824,11.6886,8.347757447531352
481274,4,32.96346353,35.26836706,31.51685039,17.63527669089365
574708,4,30.40048729,29.70751657,35.85237478,17.048726790484835
471164,3,20.85245747,18.32487731,17.62214269,9.406184903287052
465305,4,26.71117671,25.99431104,25.8909585,14.11638065290514
515316,2,16.83433123,17.75194417,17.27867868,8.710015039744036
480214,3,16.70695161,16.94614002,19.55574869,8.911998386499214
606213,4,36.11428395,29.17833716,38.67491166,18.43096602558458
534091,4,56.08603636,47.46244364,43.11944806,25.533326295909646
612850,4,17.74436452,20.01402991,18.23678704,10.385488909883424
612999,4,23.33840744,24.42342954,20.26368663,12.398755872580272
507166,4,30.50445501,34.05821195,22.86308805,15.761814092934845
600144,3,23.25045848,18.62589352,21.80781623,10.365901076133259
614040-3-MIA,3,16.55202833,18.91658702,16.32132693,8.714431201452326
478521,3,25.57466713,20.19051965,26.46318222,11.567381952159623
494024,2,12.39740544,14.95769856,13.95782659,7.277300133032435
496360,4,42.32128917,36.71084011,38.64256847,20.619870474640578
617940,4,43.69258543,35.3843348,34.31699766,19.991859736749767
603676,4,32.58789647,45.06232471,45.80680119,21.763742882331652
586167,3,19.0227329,20.91700192,22.35109466,10.15703993005451
574516,3,15.78629771,17.78110446,14.00988108,8.150848033996624
569363-2-MIA,3,23.9551565,30.60666117,34.26719636,13.905328079522386
493497,3,21.59549801,31.02754614,25.74309194,12.460713279073342
597516-1,4,29.50058667,27.39990756,32.75012888,15.985651271032845
529110,4,44.00196267,44.54540326,45.51779065,23.301689383264854
621332,4,17.75812873,24.76777779,27.4848007,12.870863984766688
451516,4,24.56828928,30.33388032,24.74871,14.356549440102198
489809,2,20.28504723,17.53168096,20.51403764,9.614785625945517
574870-1-AIS,2,12.9728007,12.83188211,16.8780815,7.4992950128172104
620048-2-AIS,2,15.83010278,15.01832678,17.7478105,8.27653357909864
534910-1,1,32.9504,27.23062272,16.94274454,12.519034240435612
597144-2,2,28.51404387,30.86055226,32.88356017,14.27110335452203
515503,4,26.07671808,36.5159424,26.55253696,16.054113230121118
459177,4,31.38279849,23.23191306,26.59759617,14.650476487908934
574168,2,19.34262664,21.13539614,19.01224732,9.763467094089897
606320-2,2,22.09539248,23.4960435,18.29395098,10.40395320220016
452272,4,23.31844608,19.28260608,24.29553,12.230196922362428
500079,3,22.26785948,23.63790077,25.94408757,11.469775030755445
536335,4,32.74256812,34.73762579,42.68385565,19.46630294306499
549693-1,1,34.89649116,34.09578667,35.2558537,15.896057096262224
556722,2,12.866112,18.93079138,16.47880105,8.294821697058712
455637,3,18.98911274,23.47798961,19.46987929,10.13036901966131
529625,2,26.24490466,25.42885948,24.39581457,12.033562670188589
564833-2,2,27.22510336,19.86141696,19.76500533,10.876380910734545
465983,4,23.49163492,16.62829472,18.19273274,10.866170328077319
603889,4,53.36768907,47.46901394,50.33852217,26.16112374478869
550515,4,37.25042526,32.91971368,47.04397962,20.72998826052224
492799-1,3,14.4028416,15.9213824,12.7511861,7.5264995818680696
467560,4,35.33333558,34.11411537,35.22358575,18.434650506809003
557316,4,41.30252079,56.24356056,48.9719135,25.54993519406807
567603-2,2,11.93546152,9.969792,11.76237768,6.226355263217715
451050,4,33.9934446,29.85546862,35.00068964,17.505911769947517
616666,4,25.86255655,24.01519793,26.40696075,13.742577750868294
514884,3,20.27440128,23.00931584,17.71883101,10.009002504094152
497402,1,19.5401439,15.5837707,16.43383209,8.700738815011741
548806,4,25.68103822,25.51810844,28.95129731,14.395655497980608
619701-2-MIA,3,17.6519612,16.62227483,16.04290251,8.501433561806415
468021,3,22.07344132,18.55952185,24.37668764,10.565799594232763
575734,3,34.433952,49.579152,40.04780162,18.806110434052393
588433-2,2,18.77987012,14.90401129,17.38095465,8.629558505710595
524617,1,14.40566812,20.23081148,14.00540577,8.368129542135538
534320,1,13.94543071,15.29417084,14.47036851,7.593932438749585
509412,4,29.98460698,23.11238825,29.79428043,14.917740549529176
605998,4,26.31177116,30.94725507,25.70185231,14.886955978838385
489081,2,13.10908032,13.91733504,18.51423504,7.917079329333836
565242,4,58.24764878,70.94484293,49.5048367,31.01092108424363
451466,4,31.07164264,35.16149604,28.68582976,16.873795585383284
523140,3,18.83232503,17.44725914,22.54452038,9.711511055231654
573866,3,12.14597976,11.29743935,10.95894299,6.317165244053478
591147,4,17.67702952,15.3740747,21.79134999,10.277213665229489
588413-2,2,9.9524864,11.3850624,17.16654064,7.029078918263963
510093,4,58.8639744,70.2496256,60.06675252,32.52792709287453
532206,3,20.81702107,23.45123371,29.1920536,11.773187471842373
557621,3,18.74286457,21.30317775,21.6080142,10.067800815151031
493808,3,23.36800306,23.59243214,27.10319816,11.778081005183259
593087,3,16.99454204,15.80889825,16.19487362,8.318147898187764
459868-1,1,29.95542744,32.75420562,37.9350923,15.467190101036147
548902,4,36.6025121,33.71299257,27.56495931,17.415882178532506
498207,4,43.9640212,53.2194853,33.3927091,23.09303050894929
453524,1,14.82507983,15.04064272,14.08713849,7.625244283674208
593937,4,36.07552,38.51668211,36.929356,19.573620074990533
541050,2,11.60756487,13.61377394,10.35468086,6.504871971254414
533974,3,33.13238425,27.93485095,31.91404346,14.381655848554175
468851,4,30.33743602,37.75001751,103.3515054,33.83416922546347
606231,3,17.27596138,11.44701793,11.32795765,7.205157240818072
582445,2,12.22514939,14.33313698,14.14925326,7.191451736398219
487823,3,25.05961368,22.40623304,28.91132849,12.128609208755396
579032,4,19.78341517,18.54558455,26.5274574,11.980504131537575
541511,1,18.02117381,18.87910808,20.18617803,9.433234589098245
530378-1,1,17.55914186,24.49319673,15.45912041,9.641332930588826
593335,4,17.19500551,21.02229996,26.92522046,12.06914284973913
521763,4,34.78362607,33.98658876,41.3410814,19.406605650654956
465623,4,31.31620703,45.26963827,30.53509873,19.15406511165249
575314,3,20.74466253,16.13950284,17.72212357,9.125570299740287
466736,3,21.05250271,23.13665652,21.05218068,10.55254863565564
478001,4,28.13232505,36.92492942,25.85810907,16.34035178966936
558606,4,26.09798942,30.22627146,31.17395637,15.630349856394455
580656,4,42.33047256,42.11543256,35.0087895,20.952392663709976
516367,2,12.80485004,12.21323869,13.82240896,6.928565954129012
535245,4,17.44732827,29.79022831,25.07689269,13.338548327299028
603688,4,23.18698818,25.54053003,27.57536912,13.76671565343319
532310,3,24.38571275,23.27198229,23.50891004,11.358281229746863
554649,4,41.432064,54.0724224,32.35974,22.729825018233818
449814,1,24.45189201,26.68322989,25.85913379,12.162574742709035
583143,2,19.16645628,15.56589133,20.2025177,9.173739428834736
482386,4,31.35609344,40.8106496,34.37520054,18.850663752541465
498982,4,25.72442439,25.42025443,26.2694619,13.92054380975334
456355,4,30.94680253,24.82124665,34.70895132,16.218400870374573
502415,3,33.0921984,28.96892928,31.90984354,14.504494957915172
486687-3,1,11.95420295,16.30119074,10.391493,6.993926847013811
548510,4,20.44167775,17.03474173,20.20609855,10.683361371375732
526205,2,13.08731756,13.1708912,15.23787427,7.300564095165542
595727,2,26.2864896,31.19904256,20.16081842,12.406121976724151
562292,1,12.71273788,12.34266353,17.78689527,7.558783216994212
594913,4,45.94002824,30.10902588,44.57816607,21.388969111100387
582121-1,1,21.52454024,25.19946541,20.03269066,10.794796658967352
473681-2,2,14.81656615,16.05462277,13.944504,7.7515897230891095
596613-1,1,20.69300439,21.91023484,21.47785546,10.386692004069888
490622,4,23.80667759,26.3223911,26.77053082,13.850635651106963
612383,4,29.45524185,27.37922363,24.57359147,14.617232854730448
577109,4,10.91862785,11.61477763,12.40427525,6.894049055067744
567738-2,2,9.458610746,10.21354111,8.670316797,5.489989158041514
576238,2,25.75096113,21.02820428,27.24932279,11.80734570256144
509028,4,18.58042247,20.8292818,23.72729066,11.607627228386702
563097,4,29.75638215,31.19324033,28.79181791,15.968563448770217
552317,4,22.64324808,36.85016041,39.67400814,17.933343238588268
515018-1-MIA,3,12.16374083,14.80091906,10.93900924,6.835149624876117
529109,4,38.08220554,44.99160615,44.90111699,22.351979406110015
604336,4,34.86060499,42.88141828,35.70987727,19.971218828774976
569341-3-IA,4,18.67844482,21.3236264,22.00734622,11.393407506319337
549823,4,25.03337768,22.53379368,25.39461427,13.198657873878911
497383-2,2,14.48444928,14.42932736,12.07864684,7.235672930441276
587724,3,12.01056444,15.24194122,20.872741,8.365134350829553
537068,4,28.77719165,33.97756733,32.21373824,16.862507480047455
593439,4,48.15016473,46.59679095,50.25182368,25.12139359137253
548286,1,14.41053427,14.53753534,13.47516501,7.416322458496369
604580,2,25.56390275,28.89822907,26.68731808,12.740399583730852
540690,2,20.27820032,19.1308544,17.62838259,9.430676384796929
553951,4,25.28058157,29.66587826,29.68448648,15.152032540477705
492790,4,25.22145356,30.2367571,26.32964479,14.685637095920558
605779,3,17.94223373,24.03407307,20.17840783,10.18262114214094
602062,4,36.46329018,60.39235491,59.02727065,27.48125790038267
467926-2,2,10.74709148,11.72408765,10.83265723,6.165606035575277
467962,1,12.92488671,13.15776,12.80263674,6.92803934724915
605189,4,29.5203974,35.23342884,24.48301674,16.037106970348987
572161,4,22.19545459,31.87106652,20.05438458,13.636904089463087
587565,2,14.22207723,15.40723823,14.68245401,7.675455938575281
503375,4,23.60130477,22.95708077,25.65268102,13.071465933260626
503549,4,18.52371763,21.86575462,19.81536833,11.093285485930377
487456,4,23.30721792,29.91374848,23.56660274,13.905854184251172
457459,4,36.74697802,29.6735827,40.12397493,18.87480625534507
523802,4,44.08904348,49.66927304,49.22374161,24.8093320630657
588413-1,1,21.266048,21.7939968,27.66767751,11.369279383209209
592430,4,35.45646959,34.84506888,61.90967911,23.871967870226676
472022,3,16.48381952,18.42875597,16.52812234,8.659998469367876
599184,4,38.09362286,38.69677714,43.25924562,21.01182781485581
588000,4,36.08409212,32.23210667,25.44734094,16.7793440018304
567738-1,2,19.16629889,18.80998779,17.56050935,9.217343356582195
495843,2,23.95145807,19.9277568,22.48179801,10.72269716826629
562183-2,2,9.542189452,8.507021702,9.729400333,5.410414418594086
591541,3,28.13134218,32.72986238,29.94853774,14.075371958328256
450541,4,30.40032228,34.5550381,33.54721498,17.434799424661133
566516,4,22.56684606,20.17550352,17.88292778,11.184339599446316
614096,3,15.06341521,16.7552,12.074727,7.667176105879396
624256,4,24.20169309,16.14404655,21.23152975,11.430203529803329
545040,4,31.41882039,31.00985925,33.67981267,17.025409652640644
493241-1,1,32.91777803,29.70989611,31.96766516,14.582229297804203
525376,2,36.70627902,29.50594654,32.89592634,15.243301832011516
591093,3,20.94045964,28.2674085,33.41543088,13.12211494166235
566483,3,14.52423168,14.66203648,12.21121942,7.291155590417413
525025,3,10.28979109,11.38128431,16.08988234,6.875984681991965
583806,2,14.025216,14.45673984,11.52801155,7.107643295122204
568206,4,21.242496,26.27968985,25.2999088,13.20757068863172
574870-2-MIA,3,22.35660137,22.6476378,20.85135543,10.633493308412596
537420,4,32.73680271,45.39530847,36.67766039,20.291929212116475
584753,3,16.97104896,12.66714624,12.8961,7.484756413989664
565086,4,39.0526976,36.7134208,43.04332592,20.816281229489284
544927,1,13.98226824,14.79414965,18.44940827,8.121075130715116
509294,2,20.98936544,19.25429188,14.62073245,9.200710552340475
460302,4,21.95504383,21.2639063,23.60323741,12.176296450421086
605364,3,19.98802824,23.20769506,21.96555695,10.549072530927116
580741,4,24.51375279,26.48973146,21.90870794,13.209847467956987
593361,4,30.85505422,34.83993126,37.35144864,18.215147412608044
486341-1,3,30.9172224,29.80614144,19.672695,12.817279703721841
605227,2,14.91388084,18.2133352,14.29916064,8.137764220206193
532320,4,48.76243416,72.47240629,50.8986124,30.094940556359433
496285,4,33.0310656,37.90848,20.308491,16.65293258288162
530726,4,25.68783457,27.24992324,26.94190017,14.331847430981304
541787,3,32.4826988,36.5989012,24.65339008,14.613066564088992
570696-3-AAH,1,10.84284947,13.01143251,12.33797484,6.572234594103522
579699,3,20.86914844,19.49792711,22.80993514,10.278240019233213
542732,4,46.1515264,39.3591296,47.87495231,23.26234771369358
618707,3,31.13940341,25.87206251,26.39180506,13.076511879641263
475867,1,18.44850068,18.18826192,19.42886119,9.287765020954936
606320-1,1,34.96738804,36.76306949,45.44170756,17.777512497232884
476738,4,20.4288,23.16354498,20.4434135,11.723411316987303
512880,2,16.83710412,13.55482691,14.13464351,7.729909507253248
583364-2,2,19.75870368,26.52317371,18.63630749,10.613751488152072
543157,4,36.94866506,58.97374843,37.82784033,23.81754913012025
605163,4,28.43536859,18.30511974,25.99079676,13.333343727200349
483151-4,4,17.20888873,23.61037935,18.28436828,10.985805620001107
576653,4,45.53845559,36.60520024,26.206403,19.465804106963756
589025,4,40.85264231,48.38245072,51.45524596,24.501321695857687
597018-2,2,17.51878113,12.0737584,11.26439465,7.313542494765878
579220,4,34.10663424,32.1040384,27.03075862,16.610710383369927
561874,3,23.98184498,16.20482518,23.13009504,10.396861229095512
584675,4,25.50888369,28.42533415,24.52190237,14.11794008475623
475958,4,29.00193069,32.38701409,25.35963776,15.535485041027739
542928,4,34.88877115,33.59030557,35.69883381,18.356234639350564
588043,2,16.44548995,18.12064572,16.69483278,8.632040426460847
516493-1-MIA,3,13.17090216,16.4668816,15.70093521,7.8399750367891095
456422,4,37.6685568,25.96704768,30.85303451,16.927058940099204
569263,1,21.49140202,18.15880019,19.95049209,9.788778390316365
599352,4,28.51609112,37.31910801,37.59338336,18.35433749046124
611026-1,1,14.07169536,12.72158208,10.82218265,6.782567329497166
485438,4,29.36854722,36.07995834,32.91060897,17.44420626559406
536445,3,18.31704747,20.71552,16.02836049,9.187742329750488
455850,4,28.01814702,27.97247275,28.80798559,15.143351696528887
603207,2,20.68501029,20.97882514,25.78053042,10.895455705076944
508415,4,30.31364166,28.51354054,24.68299956,14.977826625080807
453489,3,18.27269775,19.93063346,21.22252037,9.760734499712532
486225,4,22.33481275,29.46697275,30.5486667,14.856316138146129
574142-1-AAH,1,11.45530563,11.95335869,12.02152446,6.454808656431496
463110,4,25.0222898,25.07458651,49.4246711,18.540449984837714
501914,1,12.15837913,12.99066574,16.81974669,7.411006451017745
496291,2,18.53889164,18.02886982,13.78492498,8.55633509779842
480106,4,34.50404571,33.45846857,52.03829252,21.41678065040336
505325,4,50.04870621,52.51332414,43.72933742,25.393495465534915
592824,4,36.83079273,35.73848727,23.42728146,17.280329974239955
459682-2,3,14.23532704,14.94710944,15.79394458,7.768886502807018
595638,4,38.80922839,27.58755097,30.9999594,17.395931125074107
505453,2,25.0572011,23.27941959,22.12542416,11.272366017301819
580487,4,32.36409191,36.50361191,42.45135971,19.64762992522385
526547,3,21.09849175,21.85905427,23.21688731,10.678586462329156
459682-1,3,17.59906617,18.19190257,19.36736226,9.166196066459786
573450,4,22.48143907,26.66093155,24.85018665,13.382273856738832
574191-1-AAH,1,12.45078605,13.53167652,11.68854617,6.77047400842225
528365,1,16.14245959,14.1040961,12.79126694,7.524577196806716
503384,4,37.07728874,41.49837834,43.0369495,21.27669927663936
492799-2,3,28.97635328,31.582208,22.68126528,13.115659562953097
480943,3,26.66455426,25.70688242,22.02150598,11.832096481007014
568146,3,35.26188522,40.03450435,33.52171543,16.564550857339164
566105,4,37.05974254,35.19478904,49.18178649,21.443005603809866
493914,3,40.82044477,45.81206899,34.42706248,18.3113409981364
476374,2,16.55197393,17.36182519,18.27542805,8.758691104452112
624252-2-AIS,2,10.53863762,10.7223621,12.25748625,6.2023618628963595
489054,4,25.08670653,25.26428968,27.77240973,14.051130128431527
597274,2,17.78781478,19.58077564,21.51331484,9.69521062164683
582786,4,23.63639259,22.01992117,25.92554789,12.98035508092426
528367,3,33.33025625,24.17716966,23.37076245,12.843252492878083
450761,4,19.12203587,26.96669507,28.81734014,13.678539458712045
596329,3,30.10263393,32.14224451,25.4162123,13.674840056766872
511138,4,48.15577635,51.61165079,41.93776866,24.64861518660654
533879,4,30.82928046,30.60567583,25.97801698,15.617497250044565
526155,2,14.37525807,14.50497896,9.738351,6.96910912078862
531990,2,17.25604836,15.74055262,18.33601994,8.648930844118848
484663,4,70.2090196,54.44024115,46.04079711,29.798555754130113
541156,4,33.13864986,38.93456321,27.07153814,17.692828289763835
582121-2,2,21.50671059,22.23573835,19.85581374,10.327624728067104
550595,4,22.83285345,21.8011302,22.19896068,12.169357422499253
477499,1,15.99244353,16.30125098,13.953575,7.952133147225914
624375,4,43.19017251,42.9868527,27.42410956,20.265465698293607
508656,4,45.9754926,39.91783956,40.05014763,22.001894338991917
598421,4,43.62400601,36.86494713,37.30524945,20.66560957418792
530800,2,28.20762112,27.27789568,23.79809251,12.497853286155895
576283,2,14.91653596,15.90226203,18.16799524,8.336808213587195
486687-2,1,15.18904589,12.81393179,11.322003,7.027676366384036
609995,4,24.66134952,26.20318014,21.93642381,13.18732301527871
624395,4,31.89664171,26.07075388,27.71619083,15.34079234594254
518735,4,18.877488,18.877488,21.28129888,10.892583032078644
588885,4,54.39626541,46.61592847,37.44787956,24.283972027511467
544246,4,35.06003082,28.210099,34.94609059,17.44134131452984
463314,4,21.19110353,16.68378548,25.24760007,11.696407950090194
601755,2,15.23112192,12.84807552,15.12273558,7.537110945749496
531509,4,24.89512107,21.19968853,25.80369002,13.047100604726566
521743-3-AIS,2,16.11098808,20.25746355,17.94418708,9.076781365324408
621485,2,16.69422913,15.01601684,18.58935626,8.519699395248963
574462,4,38.30463697,33.9398855,45.77440176,20.792780816573988
551807,4,35.32478872,44.05530438,40.78668874,21.07850735198412
594956,4,29.02080504,32.8593537,26.68515803,15.820149088364271
569363-1-MIA,3,21.57153694,24.3113502,21.87747227,10.90267644227419
618193-1-MIA,3,20.8868352,40.10409984,38.00079402,15.627866175957216
521743-2-AIS,2,13.11384634,13.0108474,14.85526094,7.225835259486338
463797,2,18.31663572,17.55048385,16.80810689,8.823947628931345
569341-1-MIA,3,9.476141139,8.799279718,10.49654695,5.550702283938751
517207,3,24.24267103,22.60934718,26.03912591,11.609479626290293
606003,4,43.20935564,59.27382109,40.94957116,25.193801724848193
584588-2,4,10.24783754,13.03727262,13.87338048,7.301907910015308
570953,4,42.34081011,34.82714274,35.39346885,19.816062553432623
614223,4,22.84985075,32.02862164,32.17773886,15.6778440616158
576596,4,51.44653341,43.2441542,37.68774278,23.19926307354736
617753,3,21.15368421,21.50329937,19.27650899,10.099147169972403
451333-1-MIA,3,22.37478551,26.96781854,28.59823129,12.340482156510278
522752-1-MIA,3,24.55609642,21.21896519,28.9472452,11.926509005604789
579539,4,46.05622624,48.19053248,36.19714684,22.855221017928454
624112,4,73.07450182,69.99759339,70.14052355,36.411589648570285
569852,4,30.35938324,27.18493032,28.90527593,15.429927621595782
574431,4,19.80866174,25.90246642,22.06500717,12.392869081812421
584474,4,35.87584,36.61212583,27.24182876,17.74900361975188
602329,4,25.82877762,23.47864108,21.4467635,12.850327982277559
580513,4,28.43127102,28.70171005,23.21371518,14.463950278902676
454988,2,15.37598578,16.08035556,17.35325738,8.297650738126759
575075,4,30.24995006,31.31029923,31.78354574,16.56023395065089
606655-1,1,34.6360571,29.840384,34.38570036,15.186075236552178
601196,4,38.03202065,41.94378323,44.28565842,21.71609634144065
470419,4,17.37423812,15.099392,17.38214688,9.373532483156595
608566,4,51.73581913,57.25907478,50.19801885,27.503090724531646
494168,4,29.89175467,41.02336,31.88606525,18.292272991301626
612748,4,32.45765685,33.70768242,22.12740881,15.946142054916525
452730,3,21.30358383,19.80097791,17.20770012,9.623078559532498
516733,4,40.04927015,40.52566646,49.32374055,22.7136753439891
514785,3,18.33046232,17.05770846,20.50743765,9.283675236574929
462530,4,42.15369143,45.80400762,41.68247312,22.58631556148463
505351,4,23.5925545,25.66069453,33.71521205,15.009222858171064
512389,4,14.31806285,13.53589344,15.26610378,8.249661617972983
580590,4,35.7618978,30.17853336,27.9763018,16.736775042091374
620054,3,34.33006901,26.77138565,21.60231418,13.141150938696565
588492,4,21.04353258,19.86721477,17.99705077,10.8750006386631
557276,4,31.1084928,36.7989888,35.56605506,18.27718113881367
569861,4,71.28923859,77.66011482,58.89844066,35.73311287691811
548933,4,49.9605504,62.625792,46.07829646,27.606032748013885
508968,3,22.61387762,18.54852382,16.38928419,9.559607217593006
465680,3,12.86211509,14.50018089,13.58853303,7.217828498912866
481885,3,20.03349369,30.22941091,26.43183119,12.256218640519187
537698-1,1,24.38039374,25.42093802,28.10878982,12.30095214453177
528995,4,18.24678853,33.55297831,38.72392471,16.699801924046994
571607,4,43.48546169,51.89480136,47.4465726,24.811718512780693
524256,3,32.00267395,34.57358243,42.61251465,16.687484736139833
570696-2-AIS,2,17.03379846,17.53552558,17.72570089,8.768350142415542
608639,4,24.00668974,24.56588617,22.15110943,12.822782558860338
545031,4,31.30106553,42.33346723,34.51289814,19.155390994949858
575963,4,27.62117347,22.29944385,27.59148174,13.995597324044388
550752-1,1,24.42337295,26.07501889,18.84826303,11.191340705910191
558334,4,46.7188736,56.2361856,37.63576408,24.683683316825505
456373,4,48.48210844,44.64190472,41.29428003,23.40573033989982
551846,4,24.188416,28.89227327,23.80557486,13.883689899747711
502035,4,39.6888576,29.73239808,22.04559556,16.66533028253116
548994,4,40.42200615,40.06360615,48.26525832,22.50230879892859
452488,4,36.12257322,30.21756298,33.1220664,17.61350693519826
539481,4,28.6161792,37.8169344,23.856,16.325759036142582
610629,4,18.32630965,27.14221176,29.41352707,13.725583973117537
625308,4,44.66267621,48.02720337,50.22971391,24.79290644885924
507741,4,41.19863527,37.10166896,35.59863119,19.997028070117725
582121-3,3,18.55966871,15.45993035,21.83724919,9.330555299963518
508989-3-AIS,2,27.98875366,25.60514648,29.56304446,13.020851874019
556128,3,24.03530444,24.58923033,21.86208876,11.275130384125347
530378-2,2,26.49639003,24.20446894,28.93521541,12.547082916748543
511239,4,56.6393856,47.0231552,45.76859721,25.9610665703437
582225,2,17.62962432,20.61007872,14.97966878,8.95525777773484
586239,4,29.20376841,31.34754712,37.56758269,17.44286986021222
510991,4,45.86176,45.29399467,49.10048437,24.339539499506017
553559-2-AIS,2,11.40475045,12.16505559,9.864427978,6.19676008837548
611208-1-IA,4,14.01903251,12.05006215,14.44024818,7.828673959933191
455843,3,28.3495846,26.0353328,34.61655092,13.893824100174374
550041,4,16.77994246,18.54351153,26.64490535,11.581384385021263
499419,4,47.48438822,32.73358884,32.43954,20.078368252161383
576056,3,17.30633029,19.07032509,23.38090227,9.858094923414498
521743-1-MIA,3,18.16989464,21.39036498,19.17800556,9.670268915741486
508989-1-MIA,3,29.31952993,48.45073655,29.42093694,16.75721607514945
478012,2,19.92025706,20.71051425,14.287833,9.218639474522572
595101-1,1,34.41521311,27.77934898,39.10971798,15.62185077505549
465282,3,26.77353931,22.43873545,33.565478,13.104520879931279
574906-2-AIS,2,25.19838091,28.32781025,18.81072197,11.649817095197909
468556,4,29.4746647,30.71951367,28.92738555,15.862545444724455
465583,4,26.75584,28.41807644,32.98832473,15.757570057001638
571767,2,13.21547771,14.73839855,20.37485296,8.343263816819798
585032,4,25.95529216,21.36515584,18.48608059,12.103993283168046
463735,3,19.39285058,18.97375381,21.55206396,9.826351652424043
517141,3,24.28731733,29.37827556,31.50883737,13.344328453749911
582871-1,3,27.87960284,27.44706957,19.0689488,11.93483636847626
622549,2,20.81507556,16.73069606,19.08049911,9.392018862990309
538820,4,35.98700838,38.67790563,39.35841364,19.994864531563874
574301-2-IA,4,33.71994839,39.52545032,41.75417187,20.21683141044902
570667,2,13.41391872,13.88802048,12.71230831,7.086172262774808
479564,4,32.70764562,31.27445639,33.23762038,17.20398925606418
476378,2,42.34593955,48.61943768,34.59959663,18.97997380388781
589683,2,12.87023616,15.5140608,17.662102,7.961394321950996
613501-1-IA,4,27.20807003,25.20748321,34.85279222,15.69774351636775
495362,4,28.38551017,22.14070253,23.82682388,13.482036052657696
582457,1,11.13722651,12.53517373,12.88354533,6.617746520259086
484644,4,33.1314816,27.662208,34.12860484,16.881615310809607
551075,4,40.6264793,47.52194815,39.28251497,22.27705835762757
606285,4,17.03210173,18.80881314,17.30444823,9.909540456059815
460064-2,2,12.77126836,14.52564655,13.51515431,7.199839700099271
588433-1,1,18.21217506,26.50605176,23.24250798,11.021611599133516
486341-2,3,24.6979584,29.0677248,21.03465,11.943403201228875
614040-2-IA,4,22.52253167,27.1348459,26.65425722,13.77858628517813
581591,3,22.08941952,18.84841728,22.95271007,10.388217092605567
518512,2,26.34181085,21.6086037,22.42660663,11.285325603683525
531843,2,29.718528,26.07218688,20.26563,12.149374644798966
601162-2,1,14.71623895,14.97857436,14.80574729,7.698205538172836
487049,4,39.79072413,35.406336,31.31036587,18.820242466497447
575189,4,61.18751734,74.13995435,59.66985944,33.54921930635942
583474,3,30.46306909,26.93532393,29.79482042,13.571504828569628
610812-1,2,17.20828179,13.73613469,12.146253,7.568283228415459
559154,3,19.02237957,18.29147234,19.85703942,9.440669181841622
536617,2,23.50517239,20.85158513,24.33873665,11.037131320130834
594308,4,31.70551863,21.36443431,30.17857373,15.070089638199786
499706,4,25.88017659,42.88471791,55.03494027,22.442966469624235
570157,3,25.21192008,33.91327162,27.20658555,13.535409403780207
457321,4,31.8670464,49.4597376,29.28202596,19.949277950413563
618245,3,18.33641658,29.24157039,34.14104884,13.12888246757081
528441,3,22.03987968,22.29914624,16.55326133,10.017658379930536
538700,2,15.1979817,13.00953388,14.05166496,7.402209458303188
563088-2,2,41.5591982,35.38495281,34.50120248,16.93654207625223
590972,3,14.72353075,15.5251712,14.48247314,7.732419669139095
488691,1,11.2026624,14.33167872,11.931171,6.762283262280679
457396,3,22.41490944,23.47674112,18.31210983,10.448632456200068
573111-1,1,15.26436331,20.28396992,15.44421067,8.653802586435003
548507,3,13.60325973,13.26574933,10.204404,6.717905725035175
597080,3,29.74922226,35.08996291,22.07568594,13.717714547945262
540168,4,20.58397528,22.40103579,20.27808638,11.586594021418636
452915,4,25.87228335,23.60900267,23.6067775,13.214664347416141
610650,2,14.11117811,14.11117811,11.83938,7.106734812407067
451661,4,38.18106467,39.42141787,33.35791828,19.519749382029936
459779,3,43.31820138,38.11985655,42.06413416,18.56058751910765
528350,4,36.2201088,41.0274816,43.66663851,21.18047719219638
474275,3,24.82445451,23.10462047,24.09500982,11.478183281476799
549981,4,34.599936,38.57559552,37.65158489,19.471192921209422
504572,2,14.72861011,15.59973242,20.41164405,8.629591249562191
584607,3,31.1244206,38.35245884,50.64781677,18.403227746678716
582920,2,12.86218557,11.44945073,14.61290224,6.9595681353828835
604768,2,14.32244192,15.35602307,15.13812601,7.744121974708375
468997,2,18.69258848,15.8827535,19.36442653,9.01896676269546
462556,4,30.01061955,25.48133288,31.65034806,15.588205505283678
498842,2,12.07902171,11.87157943,15.38301174,7.029662952108247
494855,4,28.21751276,30.10229631,34.11386282,16.454913504138894
562419-1,1,24.17212959,17.04878108,25.02430361,10.799523128287513
588935,4,26.31217587,22.77665865,22.79120255,13.03167294329147
607836,4,24.27814554,22.78695325,21.74875073,12.507002235703759
556746-1,4,58.22789573,52.08734058,58.06921897,29.01813805880769
570696-1-AIS,2,17.93200147,16.62897086,15.03276785,8.414237730010004
611208-2-MIA,3,25.61955603,15.65745489,23.95557225,10.720123803026969
557845-2,2,9.357271896,8.389283091,10.23333154,5.444104783914666
508500,4,26.29444608,29.08315648,25.689872,14.54432604647648
602130,4,32.37652389,28.8432708,26.93602027,15.740812490199206
578879,2,22.36839082,24.10140327,24.39480812,11.321822453421158
583854-1,1,41.32128,43.80125217,56.75811022,21.25571060753157
530069,3,15.39111978,13.60222264,12.48653225,7.304902553121108
578801,3,30.90882207,24.6783029,41.59487464,15.23174371292236
595101-2,2,11.22782007,13.2721983,12.04185001,6.618124110251589
535267,3,24.57552213,22.25882453,19.63524362,10.749668687301767
539852,2,22.46587636,15.71618618,17.28281861,9.294253361754109
496328,4,57.00227422,42.64231701,55.76663922,27.03556962222033
539818,4,23.6900496,21.0249312,22.82849715,12.298588447431122
539163,4,40.59366049,46.29104219,52.40008622,24.287754997440953
535501,2,14.0435817,14.98996397,15.32898268,7.683220662541513
455424,3,22.55130012,22.97270246,20.49544597,10.661110243197939
493997,3,38.0939776,33.16468736,35.41046141,16.250275228278284
476967,4,26.58587243,25.12095555,28.52957627,14.404748495888521
562419-2,2,13.91083067,14.12254409,12.01110054,7.100599402604938
561877,2,15.58642016,17.69239995,14.54602634,8.176167107567412
582402,4,47.34862222,52.24220444,38.52220766,24.142975528580568
457423-2,2,23.87443874,26.85874751,22.78157272,11.70333250527266
578920-1-AAH,1,10.97372219,11.32116853,11.97168123,6.297146416540515
456510,4,29.09969067,27.51920494,25.6403207,14.739691999686835
558006-1,1,16.46844007,18.90048856,17.91862812,8.915060465000401
466572,4,22.52046336,29.432064,36.25954847,15.97061910135193
600130,3,19.40525976,18.24695902,22.0698973,9.812688424172574
584997,4,40.43222033,39.04356721,35.20198613,20.12115297754962
523872,3,17.49235097,20.89473922,21.02153341,9.77096022428066
458835,3,22.38175147,20.47560107,16.28677598,9.774324537022022
582635,4,28.99335235,34.03972174,35.32468399,17.443620690368746
530191-2,2,14.93905516,18.12301196,16.57501357,8.423694537337106
596613-2,2,20.07181626,24.11375897,19.19951519,10.333287321240752
559256,4,36.33832486,31.41658827,35.02981631,18.151538064570893
554033,4,32.90980546,39.49188635,30.79236302,18.28672170786407
584104-2,4,35.65252923,34.20735015,50.93611174,21.45268160668344
610541,4,54.71321665,48.49370315,57.20930235,27.724963486777433
528207,2,25.43095296,19.90560768,17.64398231,10.337498644082316
568447,4,44.52606439,44.52245854,42.29956235,22.855855931669517
528211,2,21.54118892,22.21245046,22.73414355,10.716628165355347
554937-1,2,19.84231424,17.59991296,19.57774859,9.426380722261253
573552,3,18.28102549,15.42118102,14.02089382,8.180667466592354
478894,3,23.4489097,22.11837546,22.78982613,10.973527546714896
515018-1-AIS,2,14.27339301,15.4346413,13.94114689,7.587037431545231
625959,3,21.30976217,17.75814918,29.88861182,11.28244597120647
587461,4,29.26789504,28.6552688,20.08064754,14.183929535342365
470917,4,42.13419698,58.1049774,41.6662734,24.902298083710953
593582,4,57.43846782,56.83956537,67.94851507,31.380187004830855
456576,4,52.97978282,50.23972703,49.1895422,26.34932333943379
489571,3,20.36942208,22.22054016,24.3096035,10.794781314811441
606244,3,27.09591341,30.68385882,23.92751589,12.859751183505132
522763,4,24.69544339,24.69544339,16.192869,12.141517144507608
512771,4,36.62901096,27.00982044,37.42461053,17.999517565445412
619720,2,15.22126813,15.22126813,14.14880326,7.714032377520521
601723,4,28.05749333,30.30048,38.46502922,17.286216266267434
555879,3,31.64134888,32.49652839,41.56727512,16.21187558733648
612235,4,25.38338393,24.73623819,23.12344081,13.237901302559212
493241-3,3,16.98052759,15.31642087,15.24487338,8.123608301124056
485931,4,39.26003906,37.19994457,45.56080548,21.382321376755264
573189,4,28.17828828,34.06906386,36.4475644,17.53394062410161
599619-1,1,11.43215922,13.31223577,12.85022602,6.761129112166589
535668,4,29.82745043,32.0757287,30.78200519,16.454723622677996
560778,2,27.2832,21.3686592,21.92154342,11.336950636650181
521461,4,41.11721412,35.59604706,32.26353737,19.236346417221057
515018-1-AAH,1,7.865620757,9.34913845,6.62841441,4.895979791192374
596849-1,2,14.30048762,16.65178025,14.25658292,7.812281919068881
617802,4,45.02948167,42.29260894,56.4497156,25.10074457610797
542750,4,41.46836945,49.55247709,46.161695,23.875267760869413
553559-1-MIA,3,12.70473662,14.68889683,14.33480002,7.3287744794209
591004-1,1,12.353152,12.56090041,12.89301725,6.780584498101354
593165-2,2,14.4406528,19.63883126,12.80598498,8.136012608158616
570670,4,25.19472708,29.83860786,31.44425166,15.480438246778544
507785,4,20.85768533,24.223808,22.22844237,12.2674489850676
508675,4,89.25893158,50.5157846,72.95782772,37.19783171625431
589014,4,35.43648,37.92736,54.36142198,22.65706505550282
459929,4,28.95363646,41.3565949,26.15414402,17.40726800590855
576607,2,16.92818843,16.66777562,16.8743914,8.51717680805887
542626,1,23.8341682,22.66754341,21.29104871,10.903274133748182
455946,4,17.29314282,18.07018518,16.67779271,9.722794104140679
504990,1,14.78248301,12.17166321,16.36984453,7.579164512864445
491923,4,38.565632,38.3083008,27.69570074,18.59751262892831
450512,4,40.57601309,29.50832777,35.34208368,18.701402956911437
479191,4,20.2666878,37.17495678,40.54966069,17.914552146297087
564442,4,29.10639472,22.62029421,24.58807317,13.80910570142236
457787,1,12.08590874,12.71811432,11.21188448,6.540584872548059
588017,2,15.01074538,15.3598411,17.83807777,8.22700183622289
525707,3,28.44368436,33.93496615,32.83892733,14.692239088773695
585497,4,30.79521103,38.17979586,44.78231906,20.14957178627222
618193-2-AAH,1,11.50415258,9.642795008,10.61148757,5.961196456332977
599349,2,14.15649308,13.89137609,14.80930175,7.4747312019623235
609201,2,22.4660177,25.62494258,21.92631764,11.222051796103338
568021,2,17.67131081,15.36633087,15.22680447,8.230450936164068
607620-1,1,47.21072227,69.46431637,72.12578666,27.89910337099007
498036,4,43.49874054,33.4846166,51.23641396,22.636330975449553
603698,1,10.89019869,13.71355822,12.68545878,6.731221163890416
576949,4,35.15168337,39.97508716,36.00717208,19.532186748884815
552171,2,30.64982166,21.24870556,20.51310228,11.707032232152208
482821,4,39.82029108,45.10723084,32.59083166,20.725886503160847
563568,4,25.41422387,26.23236421,24.13361914,13.656145810762709
531141,2,19.66437131,21.88032,22.49240776,10.392427749991569
543659,4,32.22838018,31.7405945,45.28631027,19.458001884355433
456718,4,22.77589148,24.25849878,26.08205517,13.226369832339604
584588-1,4,18.30344862,19.32568615,26.22776434,11.81813279953087
606655-2,2,16.26981396,13.63304408,11.9966408,7.386687237573685
546667,4,20.70136041,29.72955855,24.86242643,13.702187443049754
562872,2,10.64913258,11.3304803,11.16139536,6.141214629269686
573095,4,29.55570383,32.14848,31.29305429,16.508890589845155
516493-2-AAH,1,11.26815557,10.6724769,10.78434226,6.083837561710567
558758,4,44.5695488,57.5371776,41.25738053,25.0943240338757
595710,1,14.8391295,14.98659798,12.57404891,7.427564128482848
509146,3,27.0946313,18.09222063,24.72055891,11.310860037924133
558345,4,47.6811776,45.9443712,33.28351958,22.355004480541268
574301-3-IA,4,52.51658323,31.90077935,32.63613087,21.054827778272426
538451,1,13.82104482,14.464075,10.94008617,7.011155721455452
521702,2,14.10853797,15.17442145,10.806831,7.145917914406068
553873,4,56.6071296,49.9910656,44.27995827,26.20834776332584
514539,4,25.69752831,25.67642162,25.67244231,13.85846621182812
573148,2,9.505057032,10.22500748,11.43556058,5.881204050030223
493241-2,2,36.82544856,36.63160969,47.67114804,18.345500279852885
513713,4,33.85778717,32.1050083,33.24872019,17.53248083215396
543175,3,23.067008,20.711776,23.28781389,10.806322665100748
617475,4,24.46588851,31.26992086,34.12439262,16.11563443711995
615889,3,17.12016475,16.3036781,17.76683017,8.620162224568148
578968,4,32.00599804,30.77825853,40.9246705,18.41944846593029
525901,2,23.53598791,25.31307987,20.16112737,11.101212849142382
621333,4,28.66714947,29.19316211,31.38862106,15.89052792593297
530163,4,45.208576,36.5094912,30.54859909,19.929115046178435
517964,4,61.62563802,81.24324752,57.20039624,34.63241115001311
517323,4,38.07490081,36.38634146,44.22175675,20.82360422926824
622823,3,26.00300945,22.19768727,22.92749844,11.374592848470053
487958,2,38.62718512,31.45557333,39.35221072,16.67771660985622
535331,1,12.67570643,14.36854539,11.3884614,6.889476267075816
534353,4,54.41577514,43.42516468,40.06400134,24.13734440735198
559903,4,28.5787851,42.2096331,23.18200574,17.160987084329392
543215,4,34.40815304,35.12047304,33.12902228,18.1040457456157
507115,4,44.89478169,39.78045687,52.66907771,23.994284360055712
568537,4,32.21779456,30.67749888,27.69141435,16.129453988202712
610996,2,28.87534222,29.40696889,26.09366256,13.18388640692788
554670,2,13.808256,12.4644912,11.97215219,6.84955302995499
512511,4,47.81611268,43.63858208,50.51362355,24.650038333000776
521804,4,33.34750921,26.23783982,27.25257475,15.56406579841586
453374,3,17.53648092,17.00577961,16.8821456,8.648873685868685
508716,4,39.44885677,45.22661161,38.99092005,21.62616153216958
561481,4,30.91285333,22.20609422,25.69618216,14.271783072033044
611026-2,2,19.99245312,20.59782144,14.29892185,9.213244984107543
462524,1,16.3938393,18.67077009,18.41114027,8.94127221627842
550752-2,2,17.8317348,24.0576473,17.33493345,9.814903730712947
564121,4,34.25721983,21.68056561,31.09123555,15.753577711320078
582452,4,14.35532243,17.87257693,12.80194675,8.631321044124583
564662,3,19.04067794,16.54556623,23.25343449,9.745194865666885
490370,4,33.92833587,29.96224,37.93345866,18.038407872568513
592930,3,27.03257423,28.40711884,22.41419913,12.325677305403092
555969,4,29.94238464,26.73746432,24.76330816,14.628076303088154
544956,4,18.93310612,20.88820835,23.12425675,11.558331892333467
611753,2,21.22851388,20.09937318,22.07289738,10.297279013187577
557168,4,25.74542184,22.1433404,27.22409213,13.583395379510465
483151-2,2,14.85813221,14.85813221,17.08772698,8.028597449308046
489154,4,34.79527811,34.43970016,40.88657825,19.394116661774433
604709,2,22.35297576,21.51037556,29.63579521,11.787451928617298
477291,3,34.33110892,26.38936214,33.27481973,14.569285524959422
593165-1,1,34.09293785,32.44319508,31.29531862,15.022693287709307
597330,4,20.3970816,25.4740864,19.63642757,12.024005282929107
456592,4,28.1330599,33.9195993,30.35377067,16.44748639480754
601769,4,27.19673848,36.47571448,29.16049278,16.59978474014048
561880,4,35.10423102,35.83169561,34.177194,18.508940440407972
545349,4,24.31785714,34.02535525,20.285412,14.431840778911235
514697,4,50.95729116,53.14488558,53.01177555,27.1206270019402
455527,4,54.12080941,62.53959529,50.49982016,28.892468441432275
589418,4,27.60325545,34.86774694,30.1705892,16.51327871817176
603662-1,1,21.31643733,17.0339456,22.50357613,9.997320271312462
609320,4,27.90530859,24.35015845,27.29703398,14.29597729837161
586904,3,26.00193007,22.24265636,21.26823272,11.166334319792796
607081,4,16.25247388,24.36203743,18.62286524,11.054418315843545
621657,4,28.48002812,27.44146571,39.56623497,17.14517344510076
514244,4,37.88318118,45.69298824,47.59207006,22.91987717829136
561813,4,35.2318464,30.9663744,34.65315108,17.82638796074191
450416,4,52.86745446,45.39125205,43.46594201,24.654035313695243
467926-1,1,20.91387548,22.06006539,23.0990207,10.66494469647425
618347,2,9.335699356,11.36520492,11.40241116,6.015186761453792
597018-1,1,25.45262235,27.81516868,23.58508694,12.16041461619009
594068,4,40.55677585,34.8185117,49.75923227,22.045073671309016
572138,4,24.1253141,24.30289836,19.541718,12.40871891247059
551871,3,18.69920131,18.7581022,18.42396871,9.259567471773597
609833,4,21.51536724,27.43098873,21.43716346,12.838372706781072
584594,2,19.72705087,25.67064634,21.7848401,10.865366792809851
491516-2,2,13.77570767,17.21965598,15.93975949,8.05855048132186
614554-2,2,24.63096832,24.95528448,20.96990431,11.301077213935848
614554-1,1,12.4210688,16.21828096,11.94336172,7.215930963484339
622289,2,20.29502089,13.69913834,13.25918781,8.209599934061018
530793,4,79.35130483,89.72018759,57.40470159,39.19315123056569
617887,4,48.50516805,42.49270291,34.03229021,22.01248470594245
541224,4,26.52638589,26.4151303,20.37771464,13.324903569204453
483151-3,3,16.304857,18.47884587,18.03515176,8.849481804733479
532136,2,16.33523484,14.50304095,18.97870644,8.469086619759299
474065,4,22.69765791,23.76979034,25.31142209,12.998221195239505
599165,3,36.04220179,40.3716203,32.32014543,16.5713985602708
488881,4,49.17831195,49.35867834,113.0184955,39.178384197426325
512773,3,30.81748541,30.7441851,22.84274165,13.274330160693268
596849-2,2,10.17130265,13.29012725,10.89103489,6.33769062363496
610908-2,4,28.46306864,19.81275792,23.65572748,13.140581524843483
562428,3,17.19740117,16.54889852,15.71592852,8.383307726335143
505232,4,29.11451058,28.87602714,24.84862667,14.852029780524004
570491,4,21.63997621,19.9627768,24.58384718,12.101318009720572
597516-2,4,22.44673422,20.61966222,19.87018349,11.536047443835145
479025,2,32.14710506,28.54037279,37.23085075,15.106180753211348
530789,3,19.56967193,23.58755785,16.8077169,9.898952673528214
509504,2,22.31521531,19.27355367,22.64135517,10.426770678860162
619926,4,30.57885042,37.02618489,29.87793154,17.321229269453774
574504,4,20.70675804,19.27080091,21.56569392,11.302335055285704
525879,2,12.30133248,10.43334144,9.370473,6.025676140493015
544998,4,25.5624295,29.0415124,20.35917496,13.639403057260374
574798,2,35.40758894,29.51380293,42.46185952,16.484961546032537
534910-2,2,21.56087808,20.51761152,20.64243002,10.199777385336699
456598,4,33.12630272,33.0977024,34.90379133,17.851066784449333
591004-2,2,28.49959724,25.98699697,27.92128036,12.907097407204244
585403,3,16.02730971,15.482304,15.08688691,7.987546995823837
619730,3,44.91715765,37.95576471,32.9836438,17.61433203211989
535258,4,43.78494638,53.8251983,40.94837112,24.207034813157087
597410,4,24.76949344,27.42978741,26.16515372,14.087922864080241
532376,4,22.02843363,25.65359598,17.57898983,12.030857145156634
622529,4,36.30663273,32.95671273,30.02748546,17.590961517882924
458563,4,28.33168853,27.16160803,29.95990754,15.261922637623986
576113,4,16.59588542,19.79677316,23.19031559,11.057159337028661
514292,3,19.04101608,22.53294977,23.32990316,10.5300587451661
625991,3,14.37340444,21.29430756,17.71130114,9.007845159355938
565143,2,24.92809432,21.87660126,23.47849057,11.248730049760944
508989-2-AIS,2,13.82945103,16.91094952,12.70582843,7.598135544470202
614325,4,35.6918684,43.23989965,35.77413578,20.17522262995373
601551,4,51.4121216,53.8725376,43.18274695,25.788833708056547
561609,4,44.82586392,39.14864165,47.58514473,22.954399461199696
525332,3,22.77313239,21.22722271,23.55103605,10.868849095527272
502440,3,12.86221576,14.58182982,19.38119202,8.116513725811917
616386,4,36.33070933,32.020352,37.2107511,18.616253684214758
613228,3,37.53957593,27.09408495,44.73475124,16.890313227352273
467061,4,34.49054609,28.79784515,33.99270721,17.25955901054469
495693,4,32.61861647,58.21831529,29.23443745,21.995606026545307
542703,2,25.42998528,27.36262144,21.63238276,11.850190172407403
533437,4,29.45411717,26.55352215,39.04217021,17.0611170328331
529964,3,23.70664102,28.34650132,30.43453268,12.968414955224905
558006-2,2,11.0957046,11.0957046,10.26220474,6.0482855439368075
550755,4,42.76174452,59.38711123,54.38482259,27.24964394658366
575259-1-AAH,1,7.052794815,8.674414177,9.503531432,5.079715817743744
496619,4,30.8545536,28.21291008,61.7449019,22.486619799490352
574672,3,19.47842447,20.57804729,22.17090995,10.142052735414687
569363-3-IA,4,29.05903207,27.4717793,33.12266642,15.992906381604783
595349-1,1,18.49512206,13.32914886,13.32537762,7.867711890654337
593522,2,25.33992318,23.94309275,19.91935263,11.13381193165017
574808,2,18.78674245,15.70431063,22.29207126,9.461408047633864
494216,3,26.13661091,27.34093964,31.87586526,13.34662610101436
608657-1,2,19.93330923,20.21013162,16.19058351,9.358180555066102
453685,2,33.62120533,33.961984,34.60170511,15.612612356359056
545435,4,30.96275665,27.55317131,27.62081833,15.385520990339367
537698-2,2,15.49693551,19.58412911,17.57129358,8.848939748314162
583854-2,2,13.952736,19.35263583,17.07627221,8.564631728053621
500740,4,29.77623341,48.71529412,44.27172796,21.821266826070314
582495,4,37.4449152,37.4977536,47.69496827,21.547997123714417
565941,4,34.22394182,47.78449455,56.15182079,24.4136739663446
526171,3,28.96385812,26.63099129,27.04185843,12.937567508250332
535618,2,17.25198416,17.84929429,15.32679272,8.525389277358382
594411,3,17.8844934,17.41479491,17.11888463,8.785409251481434
563516,4,23.59739967,20.22315695,23.10744444,12.207728352687925
456968,4,23.24469909,26.24586745,35.35892492,15.38159355586273
624694,4,45.10271015,31.87471754,44.51292376,21.444434154126583
558322,4,38.55816533,46.68578133,34.49610235,21.086762160003985
488026,2,42.1344,29.9849088,26.35608127,15.385167095613344
550968,4,30.63390097,32.89676108,28.21390799,16.321821307641304
614040-1-IA,4,59.70562098,37.24216656,49.22708768,25.73019546337326
578869,4,27.93609216,31.39584,30.04057613,15.916278226274747
624252-1-MIA,3,27.04954099,20.3808354,30.27127211,12.386752412274555
618630,4,42.29788476,29.42786157,26.1202145,17.669108835055297
530649,4,20.31993256,23.32172047,22.33288418,12.042816780693572
561960,4,23.76533969,22.63822817,20.72226034,12.2333419280355
597503,2,14.60050103,15.45934109,14.74976582,7.742372183818484
563424,4,42.54334765,46.77604013,57.29690082,25.57243842888293
538285,4,22.69107739,19.08222518,26.37365008,12.481388334985546
574906-1-MIA,3,44.79811368,41.44738807,42.59445721,19.27761862004236
504987,4,31.48519586,40.25847629,58.92353578,23.470928957631557
574142-2-AIS,2,14.91276868,13.07945338,12.92991822,7.219374528088923
473842,2,25.01048123,17.38793354,19.71859614,10.215290296540546
606203,2,33.90700959,34.44905256,34.34160113,15.682289985459166
464618-1,1,21.18016073,16.48711071,18.20590251,9.299636456562922
480107,1,16.12090765,18.0130327,19.16720575,8.923613280074557
619734,2,27.81229615,23.25255447,25.69482192,12.151469448100794
592157,3,29.6843091,26.46981266,26.16540148,12.905321864019317
565631,3,16.08201183,20.37056974,14.66476402,8.676487023735184
531871,2,16.38006272,20.26085376,17.64599228,9.070241398287646
553982,2,17.34728309,17.93270119,18.82282237,9.019548041752145
577254,1,14.30356713,17.12687476,16.08391952,8.129126780466699
575198,2,17.02213294,16.31202245,20.75750802,9.057088969857254
616199,4,44.16120471,41.56476235,37.56355906,21.559758191072724
560611,4,15.01665739,11.64146558,15.50258966,8.134087379772192
555731,4,31.60569137,33.3819333,40.16595066,18.608535282502803
473850,2,16.25412267,18.71084089,15.605499,8.552559008199033
581468,4,15.53234547,17.50917747,15.18681726,9.102991641586982
561817,4,23.60920663,26.01240976,22.26303706,13.028698593214642
451056,3,37.24262601,33.70429159,34.21530333,16.03437384919585
573245-1-IA,4,41.05739267,42.34947286,35.94844034,20.911506016602313
449939,3,47.05306782,47.74152665,40.97688542,20.261239802409108
528168,2,21.9267072,24.01830912,22.94953005,11.051124926613069
616556,4,31.91441258,33.04397663,38.54722779,18.299851369704754
589207,4,32.569152,30.2881152,35.39042574,17.401924389352686
608657-2,2,12.35171785,12.35171785,10.02725229,6.379031060173147
469219,4,50.11387733,34.79187911,42.77361887,22.469408441514165
605626,2,18.73141557,18.68606223,19.09771956,9.346670856489608
572088,4,58.69446817,46.54470817,20.75015815,23.39353507244851
617708,4,23.37603899,23.7832255,20.59596083,12.342091779660471
576129,2,28.98267722,25.35908073,23.72001636,12.340389258689852
510743,4,21.39771811,29.08389935,27.80279516,14.170608695732739
534366,4,58.458624,60.7842816,42.64005642,28.20296241171503
452367,2,15.6050241,17.05083967,17.3123981,8.455103370060222
486072,3,23.97176938,21.87048064,17.651088,10.370520816435885
555612,4,34.76563349,33.7396093,35.49778097,18.325608635670054
560889,4,45.65961366,50.35804098,47.24527611,24.842251973129617
598676,2,20.04487996,27.57095592,22.61300566,11.313036622303498
608857,2,29.1246592,24.1040128,29.23569746,12.949004680596468
612556,4,50.35490133,40.13661867,55.37424848,25.45789981479391
562267,2,15.44333209,14.4956977,14.44735806,7.685301625564762
568183,4,20.81546498,26.48597481,22.00770595,12.64123283797691
518120,4,25.72441457,24.33854467,23.43646305,13.280138703209197
610451,3,15.41879808,18.12597248,16.04834014,8.413310496549823
601312,4,42.69928727,42.90699636,40.61446239,22.006969862143286
496666,4,50.04464777,53.73800102,43.01665312,25.508163196443117
578445,2,21.98242189,16.9551741,18.82962164,9.563913810373915
621383,4,42.91263678,33.50247558,41.69057297,20.76677800657085
605985,3,35.744128,43.40343467,45.6802034,18.80703874589149
513726,4,50.87589818,22.97149527,33.88500909,19.828954138656318
570038-2-AIS,2,23.49500231,19.54488293,17.6561621,9.979837740542054
590059-1,1,38.0942785,31.52722139,30.61580085,15.412612095736302
540058,4,45.44737841,40.06843266,40.99577236,22.081240014091005
572375-2,2,15.13091536,14.43245118,15.62080861,7.79507241635933
590238,2,15.83350564,15.83350564,14.62340252,7.947924978241712
503952,4,27.17100218,25.72442531,28.83741712,14.649177665509116
555894,3,15.9956968,19.67130426,16.73074294,8.811088244914128
534360,4,48.89319273,51.76477091,76.30606933,31.03299977356179
611426,4,22.00808765,19.36595896,22.14717378,11.638184844481545
551609,4,27.18743156,25.59089463,27.73235639,14.439714310911626
450997,4,22.86370987,24.11464533,25.94450756,13.19204260360928
461959,2,16.8755712,18.57543168,14.452326,8.474552824237996
602369,4,34.66770231,24.59371642,31.75823073,16.318114711859963
574301-1-MIA,3,15.65554787,21.68403819,19.36898223,9.439662802055414
460251,2,15.98791414,17.39084874,15.41217719,8.295359352966006
595715,2,17.15539495,22.42086439,15.82634398,9.283490349605984
602468,2,14.45612838,12.39818271,11.61963395,6.894190287029311
506954,2,22.18915328,28.42133504,20.67104953,11.468973236575
496237,2,15.83087262,15.44474585,17.48845624,8.292884611956094
553937,4,39.02488749,35.264611,30.81020593,18.583210640052002
503711,4,32.95941729,25.4693156,33.70741219,16.468479130285473
507809,3,21.96552453,19.57461011,21.18479057,10.207944933005555
456906,4,38.58010839,42.91534452,50.78262837,23.146829529728425
556001,4,46.11753101,36.85437064,29.34748767,20.00839050602846
450727,3,20.05779725,18.64338046,19.64947734,9.601838612451642
619701-1-AIS,2,13.47717211,15.06269565,16.02757253,7.722510155467519
620048-1-MIA,3,24.63143485,20.09208624,23.82852446,11.032772736832854
557257,4,38.13811624,37.04271912,48.51395398,21.7427059740542
494938,3,21.31830936,20.41382951,30.68906655,11.710680135092023
467773,2,17.52054965,20.37976847,18.97144625,9.409993694095945
575259-2-AIS,2,9.842680223,10.04443674,10.51216583,5.765117641693452
597228,4,29.0032551,26.45711917,31.8908342,15.606682527321336
558672-2,2,18.62396073,15.21227782,21.27292646,9.222039105411783
530191-1,2,19.02957533,18.38062722,20.6171093,9.563127281807525
572375-1,1,15.0634926,13.56421233,15.215198,7.615630915777357
593548,3,23.21769503,26.26124412,25.79776482,11.934837144036816
544721,2,24.55187398,26.14577469,23.00899875,11.718480145687197
562059,4,30.32966266,35.73924699,36.16905768,18.081009766434796
491789,4,36.6920671,31.69810994,35.23515361,18.29093281732691
613501-2-IA,4,51.08450925,46.08706305,48.81274877,25.294346743868093
618049,2,11.57634655,12.69351917,14.11908933,6.876990104121425
552162,2,14.34465103,15.44471834,17.90866619,8.165369841043415
460064-1,1,23.03368582,20.75026036,23.97819185,10.905953699634512
575259-3-AIS,2,12.53506268,15.08015635,13.74884994,7.283854431756169
456879,4,30.46657782,33.68594116,38.51182841,18.17937800165227
559652,4,16.2825728,17.5272448,21.57251429,10.33973316725614
542966,4,26.33323112,25.30935048,20.62161039,13.130220319171414
559024,4,41.71052624,58.68158826,50.25281451,26.28105524165767
518994,4,39.07584,33.30048,30.53629877,18.23273501636447
518764,1,20.5795296,23.6664624,18.37425958,10.23015690515189
569341-2-AIS,2,11.27123764,13.11253795,16.28176607,7.236557857561212
487734,4,17.32653331,19.17828995,17.92123047,10.121193967438245
554891,4,33.53003836,50.5977337,30.00697672,20.520142695787108
486687-1,1,13.56770358,12.42950063,11.959668,6.807736104382001
459304,4,51.8525565,35.42576699,46.53931737,23.51782314899892
622373,1,20.84656505,19.01834779,26.0119434,10.712421978392031
562183-1,2,8.28111741,8.128933097,9.125330867,5.100894819153055
453636,4,41.69441115,36.06589769,39.82923,20.60620247359014
585465,4,21.5215837,23.43693864,23.19964543,12.394714765354525
588674,4,39.61508278,37.47445733,47.21977655,21.788705567022067
608951,3,17.24178898,12.0629559,12.47420438,7.40572712993613
467951,4,26.21691629,29.26196137,41.23968084,17.43644715357854
578856,3,27.2378624,28.2763264,30.56370833,13.41576975532798
500432,3,30.39740928,19.77732096,15.390165,10.954102031886906
529612,2,20.78565888,19.03043072,17.20829991,9.439214247147596
485172,2,26.08164828,25.13896196,22.05717535,11.670771045210948
526945,4,25.68324267,20.59282773,24.79186766,12.92010455148488
549693-2,2,16.51318276,15.74245606,19.06610312,8.658049687064134
548993,2,31.81062033,26.36445622,24.58940119,13.017569064447917
492539,4,19.49066885,24.4221592,25.44450227,12.657689189466879
601407,4,29.5504514,21.6319098,37.50114603,16.133818013892977
511164,4,22.21187113,18.92477396,31.91134351,13.502555570167086
504444,3,23.49771373,28.28038975,24.51270328,12.093467418241447
492828,3,22.56698323,24.86996814,19.84647837,10.862165940255599
488661,4,53.394432,53.25449552,38.1290974,25.335966592613076
578754,4,14.33352641,16.29829868,22.06785517,9.978216446779681
565612-2-AIS,2,7.723147636,7.679832436,9.55005981,5.035107959886323
556158,2,40.3243008,32.21428224,31.65892813,15.980352869191755
553673,4,37.0216448,27.9496448,23.04354277,15.955724396697295
455553-2,2,13.16790635,12.38959765,14.28447228,7.0683041887787885
574856,2,18.23596544,16.83806208,15.58447766,8.557113094345079
593357,3,22.05644347,18.99037904,19.65390536,9.938127350652774
607412,2,21.94208514,19.08006493,25.16303821,10.730311340422396
530256,4,32.32465776,33.49797397,24.97835338,16.25211133704941
553066,2,14.30578688,13.4116864,11.97463169,7.052703503579198
463868,2,18.25513984,20.47463936,15.46536742,9.075709806062829
458738,3,16.71675257,16.98470295,19.38485707,8.892614930943022
519786,4,39.6476416,43.4097664,29.25946537,19.93454076813672
490416,3,14.71084089,13.18508089,15.98957891,7.63212207004849
582353,4,32.2600934,35.21907655,48.07866157,20.536742670164898
553101,4,54.66697884,57.45623818,50.53076956,28.07023315977416
459868-2,2,19.70752741,20.88088754,17.9180587,9.635123242794188
517683,2,15.80507496,17.40506548,16.76377851,8.454255533545805
595349-2,2,13.09451779,11.1344216,12.26381614,6.6103741499713955
542982,3,23.95685279,19.79258045,18.16592518,10.146224349742031
563088-1,1,15.06947164,14.56044297,18.84127285,8.28903319043297
601550,3,18.19440526,17.09101986,20.97498144,9.340593278234575
533768,4,42.97787362,28.74082319,52.90098378,22.31525137176569
578772,3,17.25712374,18.42172361,18.72630984,9.06137558791599
536831,4,22.95434812,24.64528323,32.62263111,14.54839632245422
500453,3,19.4074368,19.8846976,23.86758378,10.296837759658336
574366,4,42.32508687,38.33102649,44.60832209,21.882293636063924
513862,2,25.35115083,22.89995707,29.2530452,12.280098055221847
522752-2-AIS,2,10.00987465,10.00987465,13.14478077,6.183351383936325
541003,4,55.74018524,51.69834186,49.90022981,27.18132234884501
578408,2,19.12637854,20.58579163,21.85998879,10.052549139359128
471381,3,17.53586429,21.24566053,17.61191287,9.362334463944833
542239,4,48.10925967,49.60533215,26.06018168,22.281642131594307
487128,4,24.91185021,20.8347579,16.041921,11.489360083310169
506450,4,21.6213418,21.6213418,16.596069,11.078895650696653
525030,2,15.20110594,17.32322712,12.631017,7.837987143508729
533384,3,25.89743766,22.47643317,32.01784165,12.740844780140952
473681-1,1,9.709159385,11.20288615,8.473731,5.650553463653353
593900,2,17.23299691,13.23487486,14.99913235,7.866859811816492
545432,4,33.74196,28.24332,28.99206837,16.21359824434026
587903,2,14.36669774,19.22693936,14.67034417,8.277247936276794
454924,2,13.74547968,14.07187968,10.714977,6.915747929223078
615234,4,28.57190798,26.10883648,25.3115186,14.364162141551663
588721,3,20.39359901,20.09804403,21.91791333,10.161220175919118
482266,4,32.85193532,28.47715813,38.06273624,17.673065877139543
496344,1,16.90008891,16.8787934,16.41508156,8.479721109379401
462401,1,20.37039341,24.58131425,20.23407715,10.574278775493594
459323,4,21.56545298,22.02554772,27.74031563,12.994293504951942
512694,4,19.94190764,25.47003057,25.09813232,12.843263774900446
593889,3,16.45758283,15.18920069,16.62781249,8.221057546547183
601887,2,13.47024851,15.55412901,10.45439769,7.077221730092618
550329,4,34.31658496,36.675072,42.63705647,19.995904083116717
543146,4,23.94665891,23.49730473,24.2735367,12.97717099678547
528572,2,18.82530198,19.08187261,19.77654731,9.50833481582248
518876,1,13.45106365,14.08189959,16.26619634,7.622289310178039
499422,4,33.74254327,32.0896755,42.98152431,19.275032633307575
480255,3,20.49100082,19.55959626,20.04676041,9.839213819793734
537730,3,27.46139396,27.43137011,31.04855856,13.403894211441193
609975,2,17.80512555,18.53675875,20.3917134,9.389147411848128
542943,3,27.43334892,22.08036923,26.05364566,12.002003203107643
526450,1,10.40545691,9.401175544,13.00789026,6.1381117997238475
558390,2,14.42921729,16.95284151,17.23676941,8.283205392700836
615844,4,47.38797382,38.52637091,40.93247071,22.186377422217433
486348,4,71.01487379,60.24040693,57.07554883,32.4252262498035
587152,4,39.31734361,32.92832386,27.35378925,17.770522677908968
578304,3,16.98103714,17.54103488,19.68517672,9.045129293879157
461937,3,22.64293976,24.04720442,19.19252531,10.670302928235506
567444,4,45.52565205,44.47150265,39.4372316,22.573344533301384
470040,2,20.2406103,23.31122705,26.84707182,11.314657233665887
597776,2,14.73957647,18.23725929,16.19515758,8.364692964011567
594892,4,29.9022701,38.98318574,29.80293993,17.5811908630688
557220,2,27.45369088,22.58737152,21.80745507,11.503320447308427
607503,2,16.06794165,24.61169694,27.45308969,11.14984349163365
617814,3,21.87814438,19.02659416,18.62421522,9.78147730363572
565893,2,14.73570511,14.25614214,13.64595203,7.445372141721903
609190,4,51.0072158,41.29448506,44.96307614,23.916172760591348
535939,2,22.55799467,21.046144,20.64872991,10.41431000220856
457978,4,41.08972537,36.4528149,62.87654472,25.045408419397074
592868,4,31.03281853,37.08789221,33.10682266,17.908725558369433
623267,3,30.26593309,42.09285818,35.77196101,16.56002675849095
528154,3,17.27409349,19.32654572,20.42682378,9.43503331849714
612402,2,22.62023932,16.85598612,20.58468103,9.891078111093824
452324,4,41.02416277,49.26342659,40.10627485,22.788279635291165
600632,3,12.54209362,13.03874451,18.31312064,7.709975641979968
487490,4,28.60100096,29.65469696,21.53307653,14.433416403823607
573445,2,18.4274944,21.83963443,19.8753099,9.863958163860703
546854,2,20.29606841,16.87007338,13.39863635,8.626117585410576
623008,2,13.80060554,11.83919262,14.89508962,7.178287095102769
486606,3,31.35822281,30.0510995,26.8146869,13.721850253845298
482735,3,38.7538944,48.0427008,41.32547934,19.24360909321974
584643,4,31.7818368,37.716336,25.63762063,17.04299015891489
551396,1,33.02139904,30.85827584,26.40012057,14.030240618539736
625558,4,19.07731365,18.67141795,20.86850608,10.818581843912183
608352,2,21.92682165,20.08127247,22.21191684,10.41187394583218
488654,1,12.65373078,13.319712,11.34130764,6.723401771495393
582922,4,31.30597724,33.53804199,31.01825908,16.983811813761115
513067,4,30.58476118,30.48752839,28.03931103,15.867787526033563
517883,4,46.61405538,45.37129573,37.35547714,22.61402679101145
487071,2,21.1539023,19.1392463,26.49037804,10.84348223941753
604340,3,18.04710158,15.73463909,13.03436683,8.070803444185934
533831,2,14.93635813,22.73829038,19.99187716,9.61524691268621
487533,2,17.74253325,14.10412695,20.73410843,8.892322934903715
601560,4,51.19722918,49.83362259,47.35057427,25.68269012653951
599539,2,18.4863263,19.19655564,19.26476405,9.406969369302697
568893,2,18.9702912,20.61362688,15.78542472,9.233762401972594
608581,3,24.548288,30.634784,26.05547359,12.788823506110926
595261,2,12.70635616,17.01920532,12.4208649,7.439542560083707
551377-2,2,14.46095946,11.26551312,12.51566174,6.8672947841824605
602052,3,35.31526564,40.81716513,34.58700472,16.825515381508765
564825,2,46.68325347,34.65361556,47.56624423,19.44239568045738
459316,3,14.21969693,15.16007502,11.070192,7.18884075687902
587527,3,20.66376282,19.11322955,17.24415723,9.436843141553192
450267,2,18.88778779,15.105024,15.357531,8.400568682537411
606253,2,19.38258882,17.15386555,21.40549672,9.574092315098966
608595,3,30.925312,27.473792,23.72968345,12.92488192641072
532659,4,47.8825984,52.8769024,39.98894603,24.55465804120703
515985,4,35.91168,35.49613792,32.68832996,18.351967419082307
608508,4,41.70581333,48.18930162,36.35165088,22.142756252325192
619400,3,38.76080417,25.36876744,42.51271158,16.533287316931293
548322,2,15.79596255,14.29754553,16.25457519,7.960793830276238
499008,2,11.66006016,14.22457344,13.45358192,7.007914493360779
599038,2,14.06606319,15.34984678,14.22218198,7.5843470786508105
498771,2,20.5580563,22.505728,18.58482974,10.076160389523311
513155,2,16.29987707,19.84242868,28.4599937,10.70152225943728
464618-2,2,13.61072227,16.24834321,14.54134642,7.700866794078647
512804,3,19.95429046,17.63320246,26.4183493,10.506190717701195
487129,4,52.83872,46.53184,44.24305178,24.9489603243791
479861,4,33.87138306,44.3208418,38.31833178,20.509740510080245
591701,3,23.78151184,28.59361176,23.9754019,12.107382748249776
609081,2,14.28171183,16.87840472,13.04881133,7.693504627939299
609679,3,38.22951164,33.41785791,37.63538446,16.611248270884435
617453,1,18.6761349,14.1890758,15.05154372,8.215214807882196
564833-1,1,48.8595968,50.627584,31.99564204,19.95904392030863
606320-3,3,37.10966719,35.63881958,42.26356298,17.41458823624897
557644,2,18.14322255,13.66370777,14.89168031,8.046632205050557
589803,4,23.49959142,28.38885276,19.57621862,13.068981455878655
608577,4,33.81088177,43.64896177,40.91778645,20.809931639733836
461949,3,17.81915927,17.3763072,15.62870746,8.576415960401647
467932,3,22.08150375,25.2192252,24.71359646,11.488794209295131
583729,4,49.13376,49.14496,42.41626032,24.45038917160481
515002,2,22.45635628,29.57364409,39.6764081,14.505752455169558
550785,3,13.92770589,14.44226157,15.16095658,7.568645574054817
534538,4,32.305909,32.38169673,19.72321605,15.386880198334369
618413,2,18.18434337,15.51095986,16.43386342,8.485337036800633
613331,2,13.99907328,16.65441792,16.70769864,8.111292220911233
608735,3,13.63639027,16.37623819,21.52764385,8.790844946178057
467729,2,15.64796679,22.50105911,19.28834364,9.556604780562576
562319,4,23.88366689,23.35024682,25.00042403,13.066571296824813
461521,2,20.11470927,21.55147422,16.93738384,9.671855053105665
552174,1,10.653035,12.49225947,10.43174808,6.215127647209992
604755,2,18.4740864,14.37573939,15.77927483,8.301039269078203
601370,1,15.43460978,15.43460978,14.26270308,7.788829305234355
466118,1,21.49136772,21.61525407,33.29307088,12.318851605585946
519130,2,18.01406701,19.09781148,19.19999518,9.321562267147048
457211,1,17.09003869,18.57024,17.36724429,8.872638280072874
477193,4,28.89272195,36.35166699,42.42346019,19.13935658144662
531046,2,15.46572255,15.90789447,13.3230485,7.742518415187573
526062,2,16.312384,20.65968,17.31641803,9.07999455067013
605529,4,39.47569416,31.04848987,28.61833094,17.67896584655355
538500,2,19.50097285,17.76077238,16.05590001,8.930503998558894
613311,2,21.47131785,23.15312078,21.44054084,10.66239212193709
525634,4,22.71576474,25.68325939,16.56220118,12.02168197530283
450724,2,20.84341274,21.85193832,17.91628865,9.936609192180539
458354,4,33.01798957,32.47250087,35.74767661,17.879186728034355
477221,4,30.27911831,42.09913976,24.12956921,17.504525738625862
562455,3,9.752928,10.11696,10.87443296,5.815235792303193
540705,2,36.65058783,37.60570435,42.42526016,17.634135079594998
614487,4,40.73693867,35.099008,45.68500332,21.33681829717824
512798,2,19.9930162,15.65409249,13.92539716,8.474498271019833
524997,3,30.68243027,31.33016562,29.18967097,14.110370692578586
474312,4,68.04852669,65.76275725,40.17349943,30.58518464597371
477064,1,17.60525482,15.05060507,14.29388073,8.060375945287625
477952,3,23.68417707,23.3053184,20.52591206,10.873502446276618
580089,3,20.60009295,18.21651044,20.66052044,9.766073542285922
614415,2,14.59369203,15.04884385,16.45855299,7.926047610852025
555018,2,12.30119407,15.85599856,14.35555966,7.456088534873295
584349,3,18.24967353,20.98457055,17.33003779,9.379281117844883
615165,2,16.25644903,17.24169446,17.14449102,8.543052570488863
618887,3,20.92923958,18.830848,16.92474486,9.398647152403404
466562,4,30.58724272,26.89494147,32.14914095,15.982540107528543
528128,3,18.26682961,15.56353411,25.13380957,9.850426831506036
578568,1,14.41689088,17.22011648,12.99441991,7.758477353521701
542846,2,14.52405459,13.44478478,14.18404103,7.378940673786892
521430,3,20.64515057,19.4518123,25.24806971,10.616452510844123
576265,3,12.89253447,16.25579438,13.32615761,7.452430891877453
611030,4,45.18243388,41.86607435,35.32592405,21.4656267223337
576149,2,17.14562766,16.85940406,15.62497872,8.407150874338345
576131,2,15.76963505,14.04534549,17.21552979,8.067124672893405
583364-1,1,30.44631352,30.09256358,28.35737177,13.794362970406766
525468,3,20.62402259,24.69544659,20.17000761,10.616403482530785
561683,3,18.75737173,14.95116373,15.71396104,8.406955526523955
523881,3,17.24151306,15.63816091,16.65522956,8.39415637905833
573056,4,32.41509209,26.8689667,24.08861993,15.012610378080192
580428,2,13.74136806,11.8129302,14.63149485,7.127328290177732
530851,3,21.187152,18.787776,21.8366112,10.090046820658607
617695,2,22.19767844,22.19767844,16.53367168,10.023746541582103
585063,2,28.8311028,28.55972366,22.26652245,12.592159941047608
572414,1,13.98571008,12.90989568,8.989974,6.594832734067763
495795,2,15.30924104,13.62591026,11.81401712,7.2141725060268165
588998,2,28.77361021,29.76588255,24.00342141,12.964202404840353
525464,4,34.72786005,21.04776872,37.88769106,17.02909325997544
615516,3,33.43902897,33.7174069,28.64435878,14.770691510529542
559604,4,34.83078579,35.21866168,39.31911433,19.238366361433602
586146,3,15.41278681,15.83692995,15.52020766,8.009797439277587
567575,2,19.40326957,23.65884104,24.35519528,10.885698784919489
609939,2,18.92447173,17.52503977,18.32681939,9.11145278765267
471540,4,20.85389315,25.94990876,28.81602749,13.728636577604611
609414,3,16.52867657,16.92027429,17.22207049,8.54553323003999
505374,4,43.7184817,54.02112,26.87467134,22.47013395273762
487241,4,57.87449962,42.93970113,36.14006977,24.22186960351596
506689,3,19.84379077,21.05545846,21.35836754,10.138333368625533
603662-2,2,13.15328,14.56128427,11.50833314,6.998454721073766
531838,2,14.01208806,14.88784527,15.91371938,7.749307719256902
493149,4,25.60255577,23.39673706,22.27911572,12.923329483881641
558876,4,26.6350336,21.5529216,19.51195974,12.409190338834938
573111-2,2,16.18179219,18.20455243,15.07986703,8.400131079984403
451518,4,21.45245365,21.48706704,26.0952826,12.583127874276288
472598,4,44.17536,60.4090368,39.41658,25.358942360205308
590335,2,13.023067,12.65622506,14.05028498,7.0489282116221395
493963,4,38.44792709,35.58367595,32.4773646,18.778349197542443
624875,3,13.92829349,15.72864909,15.85718347,7.847597892395012
613224,1,20.27664906,21.31381132,17.11260158,9.679956832541006
616526,3,23.22886578,25.43928644,27.81780047,12.114341772669171
554937-2,2,13.70281472,11.47657728,10.35761938,6.501821466332142
576144,1,18.80546091,17.3257036,19.2792243,9.20244265498312
615121,2,23.9952384,18.71428608,20.63696982,10.32975923487034
610852,2,37.11024832,27.29429383,28.70409084,14.490369619604266
584930,2,16.79732653,17.76041514,17.82508916,8.781993311565245
480634,3,34.06810537,31.46052683,31.93924302,14.97263144838437
581167,3,37.49472251,44.11801065,25.06591289,16.584686400403093
618597,1,13.70529808,15.9265026,15.04461354,7.7336783390534105
597937,2,24.37288448,25.58965248,19.96933176,11.238219086176386
541794,4,53.2256256,46.020352,49.9005298,25.83991479932156
621884,2,16.43896203,17.65666696,20.85984565,9.17127661250481
557939,4,34.80532677,20.51021194,21.09784188,14.17207976804627
585891,4,21.82238569,26.56291087,24.29727557,13.174273276691515
475982,4,36.16332957,30.84824658,28.18720845,16.94991476435453
621654,4,39.95268843,46.92812108,30.35689407,20.804368070449758
617420,1,11.13520239,12.31549006,12.67794163,6.556924388616977
610930,2,26.50852829,22.38569698,22.81403677,11.46004674191961
485020,4,35.4940747,39.35915138,37.95946549,19.797422423974446
577023,4,24.50047316,20.15617643,24.65774,12.624897064385346
589728,2,16.95958701,14.0850606,20.04259427,8.67280184139372
453135,2,25.16095041,28.28587822,23.55444924,12.18763028834655
461231,3,25.67299423,28.03899684,22.53756826,12.094635101954832
557966,4,23.93702835,26.33073423,26.71942405,13.863302724168967
548300,2,12.82417179,11.28003368,13.78446057,6.808283785322792
536580,2,16.606464,15.39542239,16.51423198,8.252779882286884
481190,2,18.4863752,19.2258426,17.91730868,9.227980985126342
452700,2,15.3020061,17.57135587,17.96873002,8.584755745816281
589774,4,47.24750049,68.27618341,48.65285156,28.700277848931545
591052,4,21.87978381,20.81621065,19.88575017,11.47133986572376
599241,2,14.31320969,15.19290003,18.43758847,8.210779686297023
524577,1,19.17198003,24.35162585,12.46730259,9.531051791576637
573796,3,33.08724979,31.27876989,32.92976411,14.945133466621828
496149,4,25.26717062,26.41848656,25.13097261,13.82365622543112
512858,2,20.07987665,17.1365376,18.5335568,9.257305962073502
534535,1,18.61283945,18.25818844,15.5057696,8.801256093865492
579338,2,19.04605285,19.48189167,19.65448725,9.57571913491577
535923,4,36.25809702,40.95498894,38.42392994,20.271938334107944
530287,2,24.38955008,26.6543872,20.85830626,11.505929058699786
590520,2,12.4537307,16.48945504,15.4426507,7.722836913009062
457612,1,15.13748336,17.36968942,16.43674337,8.318174726722756
514972,3,21.50973242,20.19890917,18.51738708,9.870741035979348
616557,3,16.6218261,15.61458464,16.50475196,8.282360655393404
500225,3,15.43513383,15.46615062,11.62599726,7.474332512769608
465280,3,23.897184,33.84736,28.08107031,13.486414700241774
591821,2,14.51999024,13.73793193,11.81721911,7.110757507978221
520132,1,19.0360576,17.16990464,16.91178508,8.89061499504697
456821,4,26.47293643,28.2260624,26.18552336,14.50146410095071
488314,4,21.04475297,22.57943761,23.1217263,12.161568838613617
541220,1,24.71975804,25.51345113,24.88333848,11.899135990175045
531410,2,10.57692939,14.41980522,12.66493914,6.800119764073645
558213,2,15.65261824,14.9719808,14.37312266,7.769992723795138
545008,4,39.89961443,72.23522623,60.10575184,30.379932203347515
482988,4,32.5194086,28.85870689,28.08218029,15.945078754437942
498100,2,18.49268605,20.43928976,18.30196005,9.454955216540986
450917,4,47.4872832,51.0302208,54.8513348,26.539657351933506
584659,2,19.82816271,17.61601245,22.18555033,9.809536909375854
527239,2,17.49259378,17.13908622,17.16563902,8.699373573626996
554521,2,25.52226462,33.66468923,29.30593658,13.810211790841171
595145,2,31.24782545,27.2590848,35.61093151,14.580997111248257
451267,3,23.74219093,25.59931733,26.26847713,11.975188118894863
498078,4,28.3675081,29.65508231,30.22933179,15.71896707284635
586812,3,13.21821113,15.85014163,16.67374269,7.897606917631139
526381,4,40.41303544,43.22164725,33.13016662,20.550020840760048
583364-3,3,16.93132365,17.98733453,14.91153005,8.449343790278464
536564,4,48.62445382,43.33056,33.6903,22.130801684533658
457423-3,3,10.58440084,12.91497544,10.666254,6.301240687849997
614456,2,14.89007382,18.01472449,14.81017173,8.167762479156895
524885,3,21.50234145,25.02954077,27.96953225,11.871542787106312
455553-1,1,18.92929069,27.21083496,23.2579914,11.214891626154557
468031,1,20.09106432,18.2118912,12.671841,8.705334509648015
538853,1,11.99536611,12.91810517,9.061071987,6.30288435928875
574165,3,16.53726084,19.36260566,12.95852649,8.38209296223675
489574,2,20.08620544,23.69314304,16.38127215,9.937347759776259
610912,2,15.45264723,15.11450839,14.00789572,7.713530425319915
540178,4,39.54011774,31.78708528,42.32780721,20.049968035995796
574088,2,14.46452721,14.10052055,10.98244848,7.056532343093713
557007,4,34.38054475,36.62301466,28.26685707,17.631602048894127
534806,2,22.49203712,20.89823232,18.1740554,10.070790034294696
555760,2,17.81057955,18.70581524,15.88004307,8.797620305735476
470326,2,23.78838151,28.08953562,27.1522865,12.461686932672063
460856,4,59.34264,56.96152,75.50688326,33.12352077933757
623477,4,20.29501127,16.48971233,15.12135412,9.764289491395518
484223,3,18.22657839,16.90923123,24.52715228,9.891700238160984
557922,3,12.85232383,11.54255652,14.16742059,6.90173731804931
526009,2,21.97475328,13.1708928,13.06011,8.426085732700532
590495,3,15.36192677,16.86726094,19.89082313,8.785219797294038
491942,3,23.75847936,20.55553024,17.70211071,10.161664012087682
475652,2,19.48951557,16.72087557,15.295665,8.695352070757295
518510,2,18.04393803,11.7850621,13.32237768,7.61355970662896
532519,3,37.64070104,40.81502705,36.26246763,17.350568735624385
598235,3,26.59629985,32.1634797,24.45675974,13.087402910207135
574197,4,29.56885108,29.79637361,24.85382012,15.091940306526782
596387,4,31.750656,29.31904985,27.81125501,15.840070104598075
599307,2,36.51640407,33.51161492,32.98106272,15.739197709510565
615548,3,23.0915328,17.7035264,17.78596061,9.696389241064251
602011,4,25.59573011,26.65073026,29.5148653,14.664116175691865
500182,2,16.65823519,19.09232019,16.71279855,8.805574682394091
583163,3,20.39768783,23.73825906,20.68374564,10.50731577476409
595474,4,42.38535593,44.71768949,38.11029689,21.878339193120727
622826,2,23.29474279,16.64192871,20.93123499,10.019992869700678
459896,4,49.76557091,44.41858909,53.16627285,25.564717739983468
590059-2,2,14.51140518,13.09564851,11.81925917,7.020815420188968
600272,2,26.17602048,22.65934848,18.33964018,10.902602984902241
502552,4,34.97163084,53.23681609,41.62187417,22.922825277093487
621540,2,15.39445775,13.69914452,14.37244936,7.563014656265865
610963,2,13.2181097,17.86231845,12.53813135,7.655747462763745
551284,4,39.5308032,32.1500928,33.01952419,18.514382135608425
552180-1,1,11.56618105,9.982354863,10.81610138,6.041118365947967
615251,2,12.4854912,14.03953152,14.99928843,7.305664010838969
603290,4,42.5155584,33.78432,26.29074,18.4043446049626
566548,2,12.32065073,15.62013318,14.19156187,7.399835068795799
525480,4,17.92641668,13.32026597,22.14801377,10.12180648651543
622798,2,10.95930475,11.76506014,16.35790474,7.043301926054798
618526,2,16.33082333,13.85486742,13.98786589,7.671224318646004
522036,2,19.45536817,23.79701923,23.17087593,10.73962648043417
557026,4,28.52811294,31.13626353,28.01138152,15.634338950372769
608742,2,13.84002728,20.6757141,18.97399632,9.028040779508112
450103,1,14.34903514,15.90109298,16.58458079,8.029778633907664
574892,4,20.40205176,18.04796988,19.0420381,10.632761371567007
581679,2,23.50946304,21.64878336,28.6373506,11.789751205925398
622103,2,16.71239487,18.06481389,14.86867071,8.425219459395132
531180,4,50.28073351,49.13433394,48.96188074,25.670939036585683
613887,2,22.68075014,23.45508167,17.91517758,10.437761254113827
567149,3,32.12230366,31.70123058,36.99895479,15.460058860942418
545110,2,46.78847005,45.67148767,47.32567471,20.772064536978256
617164,4,27.70983873,23.81717069,33.61377927,15.339959833284336
602965,4,24.48624543,19.30268015,20.75819801,11.843729663927869
495563,3,38.0167361,28.30149684,20.79642733,13.891288363684184
464519,4,30.60609324,34.40701793,32.74742893,17.306706786470162
500866,3,22.7406592,22.81961472,17.92984733,10.353868018952396
516762,3,20.0372363,22.80204432,18.15916333,9.998067756864991
582400,4,26.89096976,30.32281762,34.02960657,16.27840577805221
603879,4,40.84461303,34.98598112,33.36237269,19.25155483875481
474981,4,31.11280941,33.24739765,34.7427088,17.52720776082023
473435,4,33.80144899,32.55590831,28.15537649,16.79667993715981
524072,2,15.57994591,14.48798146,22.09578468,8.881612899969717
605129,2,17.21779413,15.16806382,17.34239757,8.427542670952668
496174,3,27.48122453,24.19339947,25.94061173,12.255301936160377
538529,2,16.13356463,16.64525923,12.89778738,7.8964770126922295
455981,4,46.92903724,38.99374345,23.52882,19.855750117782932
606676,4,35.3253443,31.94801047,48.37595639,20.570850693190877
457601,4,27.23978735,28.55687845,25.93334776,14.644422714564158
542457,3,24.50584216,23.25977254,24.41058853,11.497537605391475
517090,2,14.20090368,20.65585152,14.884065,8.520200867539135
524210,2,13.63837577,16.31100399,17.17947041,8.088285995822755
476572,3,12.73042675,17.93598111,15.81068428,8.029572640150644
558538,3,27.84552316,25.92390898,22.83621293,12.13671557237044
578425,4,30.53184,24.3264,35.85567473,16.302731431429876
536667,4,32.73892881,33.39984271,31.82243241,17.32467426538985
575326,2,19.44465691,19.00394146,19.68549493,9.569237889037874
579958,3,22.30919417,26.08636172,27.43850773,12.034894114767267
606208,2,30.5758208,29.28099328,30.58183333,14.00273017234888
582837,2,13.04964864,11.99579136,14.374126,7.015799443760687
459394,4,27.46729958,27.58177102,18.464922,13.457080726168785
572124,2,11.09827332,12.10719386,11.5317389,6.361664229290905
613369,4,24.40547721,37.48666047,32.95136409,17.03466779802843
618566,3,14.87805229,13.95282606,14.54684052,7.546085899232266
523723,3,21.22712936,18.02202453,17.005002,9.345930748095032
610322,4,18.59311162,20.6976,27.50082042,12.320540915973563
601934,2,19.67883941,20.14814875,18.62718517,9.616572974209438
455254,4,35.60931411,40.84613848,51.55050103,22.550904765159814
498351,4,28.79544236,24.54652223,28.23783311,14.64152138829224
617428,1,13.38343513,12.7622233,7.692075861,6.352312395238509
466127,2,28.74407584,22.85474006,20.96618438,11.641042141294959
451690,3,25.41205431,26.79331857,18.57423609,11.415181945475636
495008,4,34.5969639,46.5398426,55.24313979,24.070777385721474
450365,3,32.48021082,28.94536433,38.95672065,15.469606082797718
468684,4,47.64965445,52.00983116,37.19545136,23.970840290674094
466339,4,22.92459414,20.31789922,22.67543457,12.03142009592447
564784,2,25.24987185,20.35241806,23.15320624,11.061587921648282
599663,2,14.82190151,16.84262501,15.67355667,8.096255944326227
509066,4,23.8112984,27.49842645,22.36119005,13.346767828684158
528089,2,18.42000757,21.0439365,17.72527366,9.460782878922512
621301-2-AAH,1,14.3619917,16.16016358,16.28239099,8.024276615896273
516688,4,40.58945085,34.70709153,42.89715193,20.74635171679814
487078,2,16.01148416,14.76844544,13.55108447,7.68881581973856
456048,3,19.02525466,21.81992869,22.53555825,10.310481066227023
611257,2,10.54738944,16.5356352,14.51995981,7.3916444146141105
564177,4,34.18566953,38.02434318,37.17907253,19.23216076105405
532241,4,52.79028584,52.79028584,70.82426492,30.61369829777458
556159,2,12.14163881,14.52981243,14.73449542,7.294116086733413
621448,3,14.82447951,15.58068775,19.173462,8.439359838764725
588930,2,24.39911385,24.28535631,21.66589218,11.2582891625795
577394,1,11.30027095,12.69319526,15.27720962,7.023075844757782
506492,3,36.47461194,27.39547677,38.2544329,15.739366343505921
621323,2,20.32801169,15.39885857,17.79025976,8.981580183407047
589731,2,24.74608027,24.88466161,25.58535383,11.912938105435813
582956,4,47.39136,43.296,30.43476926,21.474950995211113
582357,4,51.6246849,50.62266269,52.39157045,26.708589101442193
522070,2,14.817264,13.17089455,10.50113687,6.923861521101437
574533,2,18.97450338,17.16739938,17.75852032,8.994064684122339
519044,4,45.77482601,47.84738945,54.55432703,25.70653325990614
556007,4,55.50120315,36.04346961,46.39291354,24.27949339008122
546059,3,16.11669073,22.4659762,22.46864818,10.058739594130893
566703,3,24.8027136,21.28505742,23.61576817,11.174466712873334
531010,4,51.2060416,51.319296,39.46543233,24.773558425291593
598695,2,17.501088,14.436448,14.48485889,7.988958271996715
476695,2,19.54154496,22.79846912,15.07263427,9.576537359914528
506964,4,29.38630845,28.44913078,38.44252962,17.199174863980094
576214,3,16.01457521,13.38744446,16.29108444,7.884733036722132
605894,4,28.39597851,29.04136597,39.40911276,17.33166021504917
487996,2,26.53892912,23.90123105,40.22597537,14.375243111401144
491777,4,48.62894201,45.47650651,34.29284951,22.579647397241015
548309,2,22.72269918,25.81095891,19.24634437,10.956955533738224
526829,2,19.39000807,25.02470677,23.93598259,11.023621520779246
574305,2,20.35669078,23.65369178,22.15380658,10.686955586695472
501555,4,42.63332724,55.38567844,45.72269601,25.054175982000437
532294,2,14.6657884,16.86565969,14.3894864,7.909378773502587
577105,3,32.2903206,25.89880626,40.53199318,15.35896263757937
550082,4,40.66768696,38.88601043,37.74744174,20.532927808237943
450533,3,13.914944,14.87376,16.02893048,7.75182019857862
601935,4,28.02677396,23.75463536,28.01750141,14.351955021629802
518020,2,15.38061025,16.31707172,18.62718517,8.519861664698949
452261,3,19.89829632,21.24776448,21.25572267,10.157892580890087
531497,4,35.01259034,39.28161103,29.96869739,18.46814398215317
621590,1,15.65006928,14.37804714,16.53094172,7.990788426541941
478537,4,44.96658178,40.71254343,35.46302764,21.252451553368847
617185,3,31.26967491,27.95979912,41.22497973,15.568164806329722
458271,1,16.3460093,17.42905451,17.0945119,8.574278363711075
574203,3,19.15359289,18.06969837,16.71870845,9.004634292985697
533112,1,13.84479744,14.30071296,11.251674,7.026103510982542
576969,4,32.23539477,29.98356646,34.08719165,17.069221225087787
580977,3,24.85475328,27.5206656,26.48247273,12.420859757698754
553055,3,33.64374109,35.72177455,41.5573753,16.872687548632328
519026,4,21.62541645,22.53436619,14.767053,11.009110618117063
544515,3,19.4776641,23.78502182,12.71248831,9.497957470495255
549300,3,24.01573888,20.08416256,25.63356206,11.207633174145524
608396,4,36.46777469,52.79764898,48.34311076,24.14198719842252
493585,3,13.93102561,13.54403286,15.51448309,7.501173647239887
489239,4,32.61492706,30.68506955,33.37230909,17.117941706955655
552148,2,30.611776,36.36672,29.93842792,14.94181716540975
463605,3,19.12352517,19.49145921,19.48400494,9.563889703522118
620261,1,12.10442371,11.46668099,16.08613948,7.098249878570456
542828,2,13.53388694,14.56456415,17.12607135,7.828416607335291
603753,2,15.10905659,19.83837206,13.61963626,8.34466560727704
613877,2,30.78859967,37.71620943,32.99222466,15.567953347081255
452529,4,36.20375332,30.92574623,38.73622449,18.70465399588945
455739,4,25.56897664,29.18375292,27.26453886,14.701326706243476
470511,3,16.78841472,21.15679104,19.17329564,9.46346162407233
500123,2,16.37697969,15.99702646,18.72769634,8.621233649378993
568035,3,18.56344308,17.21385336,19.4518253,9.179323204455647
578438,3,17.8159093,18.32496622,20.51978135,9.3812367544526
579183,2,19.34912,22.74144768,19.8067946,10.107165038646297
483938,3,48.69047668,43.57002283,44.92631655,20.434544806065695
585836,2,19.80618494,23.03126832,20.23785708,10.266242353405694
564813,3,23.26429214,23.81994918,23.86836377,11.327586152830342
571828,2,14.02013013,16.08128853,18.82233176,8.353494934018913
554607,4,17.42877696,22.17983488,17.70422126,10.652478512885136
457800,4,30.92765538,27.75891692,29.5779542,15.730161962029872
536976,4,33.70289548,31.56116645,28.48768321,16.660867655386866
494273,2,23.75589542,23.56299359,28.02063216,11.96338970145907
515203,3,16.35022959,19.53029552,21.89235266,9.57374711958338
557087,3,14.45725509,14.69888537,14.18554454,7.5396840099530165
615319,4,32.49798068,29.82551404,33.58261437,17.00056884846134
606405,2,17.67114007,17.16312436,16.00076097,8.572984551347805
543428,4,56.87837458,51.51887079,40.33065497,25.964281633157043
579620,2,18.37484544,17.8461696,13.54644377,8.478348830865421
488718,4,25.72542219,32.8073127,39.6359568,17.59883995972988
530681,4,31.35491821,25.29977696,24.66832982,14.649572460634943
562619,2,17.94905199,18.21393982,19.62190782,9.252074574205189
482705,3,40.17683801,31.18377017,52.78377952,19.010103947318534
467758,2,16.61435385,17.64948372,17.78923533,8.737407790336803
525994,3,17.6772288,19.7563632,16.21519069,8.9773166041249
603607,4,54.66106735,45.96300339,59.32696542,27.72811312133061
533577,4,37.01212098,42.9942322,43.0594491,21.52687596792617
584071,3,26.23991417,21.32562867,19.18061552,10.830267745451245
495316,3,15.60683374,16.53168409,21.53958652,9.034794836660643
583600,2,18.58837384,18.00748122,14.47876751,8.639665943970861
610671,1,15.53598578,14.60781511,13.12474332,7.543076823902642
556003,4,25.04661312,33.36353487,28.34365573,15.565878855762156
574413,2,16.33204224,17.8363392,12.404364,8.051456608151359
603516,2,21.91756439,22.84466317,14.45458793,9.86267211593948
624114-2-AIS,2,13.63826246,13.63826246,12.56933081,7.063406001887338
526099,2,15.00939059,11.9424041,10.993206,6.846273189581851
528962,3,13.76993204,13.83734495,14.97846181,7.439806879127841
493866,4,43.57128533,29.903104,29.46081844,18.452847536629136
598164,2,17.15844843,14.14623204,13.70373103,7.799943621337236
479858,3,20.60491135,25.80634433,24.75823825,11.400349814490596
530693,4,31.53624511,27.83918706,23.99898149,14.99061406203154
585390,3,21.17253898,25.55867447,33.84658536,12.856994230633305
506023,2,17.00181958,17.79189472,14.76255975,8.412098092128177
553845,3,11.8210426,13.79122158,13.29968798,6.9424644566894855
602294,2,20.42356185,18.21698954,18.7851819,9.480616250807113
589591,4,18.01270367,25.96544264,22.64405512,12.250772725950293
481772,4,44.62311582,42.95374375,37.60388364,21.881730946303218
478404,2,17.96429953,17.72924079,21.47584549,9.467686057775705
451731,3,23.12381217,26.750304,24.27123489,11.78399021447674
487871,4,20.65924943,19.67187517,19.23479457,10.968527129267775